@babel/code-frame,7.0.0-beta.44,MIT,https://babeljs.io/
@babel/code-frame,7.0.0-beta.54,MIT,https://babeljs.io/
@babel/generator,7.0.0-beta.44,MIT,https://babeljs.io/
@babel/helper-function-name,7.0.0-beta.44,MIT,Unknown
@babel/helper-get-function-arity,7.0.0-beta.44,MIT,Unknown
@babel/helper-split-export-declaration,7.0.0-beta.44,MIT,Unknown
@babel/highlight,7.0.0-beta.44,MIT,https://babeljs.io/
@babel/highlight,7.0.0-beta.54,MIT,https://babeljs.io/
@babel/template,7.0.0-beta.44,MIT,https://babeljs.io/
@babel/traverse,7.0.0-beta.44,MIT,https://babeljs.io/
@babel/types,7.0.0-beta.44,MIT,https://babeljs.io/
@rails/webpacker,3.5.5,MIT,https://github.com/rails/webpacker
@types/cheerio,0.22.8,MIT,Unknown
@types/enzyme,3.1.12,MIT,Unknown
@types/history,4.6.2,MIT,Unknown
@types/jasmine,2.8.8,MIT,Unknown
@types/jest,22.2.3,MIT,Unknown
@types/luxon,0.2.6,MIT,Unknown
@types/moxios,0.4.8,MIT,Unknown
@types/node,10.5.2,MIT,Unknown
@types/prop-types,15.5.3,MIT,Unknown
@types/react,16.4.6,MIT,Unknown
@types/react-dom,16.0.6,MIT,Unknown
@types/react-router,4.0.29,MIT,Unknown
@types/react-router-dom,4.2.7,MIT,Unknown
abab,1.0.4,ISC,https://github.com/jsdom/abab#readme
abbrev,1.1.1,ISC,Unknown
accepts,1.3.5,MIT,Unknown
acorn,3.3.0,MIT,https://github.com/ternjs/acorn
acorn,4.0.13,MIT,https://github.com/ternjs/acorn
acorn,5.7.1,MIT,https://github.com/acornjs/acorn
acorn-dynamic-import,2.0.2,MIT,https://github.com/kesne/acorn-dynamic-import
acorn-globals,4.1.0,MIT,Unknown
acorn-jsx,3.0.1,MIT,https://github.com/RReverser/acorn-jsx
actioncable,5.1.6,MIT,http://rubyonrails.org
actionmailer,5.1.6,MIT,http://rubyonrails.org
actionpack,5.1.6,MIT,http://rubyonrails.org
actionview,5.1.6,MIT,http://rubyonrails.org
activejob,5.1.6,MIT,http://rubyonrails.org
activemodel,5.1.6,MIT,http://rubyonrails.org
activerecord,5.1.6,MIT,http://rubyonrails.org
activesupport,5.1.6,MIT,http://rubyonrails.org
addressable,2.5.2,Apache 2.0,https://github.com/sporkmonger/addressable
agentkeepalive,3.4.1,MIT,https://fengmk2.com
ajv,4.11.8,MIT,https://github.com/epoberezkin/ajv
ajv,5.5.2,MIT,https://github.com/epoberezkin/ajv
ajv,6.5.2,MIT,https://github.com/epoberezkin/ajv
ajv-keywords,1.5.1,MIT,https://github.com/epoberezkin/ajv-keywords#readme
ajv-keywords,2.1.1,MIT,https://github.com/epoberezkin/ajv-keywords#readme
ajv-keywords,3.2.0,MIT,https://github.com/epoberezkin/ajv-keywords#readme
align-text,0.1.4,MIT,https://github.com/jonschlinkert/align-text
alphanum-sort,1.0.2,MIT,https://github.com/TrySound/alphanum-sort
amdefine,1.0.1,BSD-3-Clause OR MIT,http://github.com/jrburke/amdefine
ansi-escapes,1.4.0,MIT,sindresorhus.com
ansi-escapes,3.1.0,MIT,sindresorhus.com
ansi-html,0.0.7,Apache 2.0,https://github.com/Tjatse/ansi-html
ansi-regex,0.2.1,MIT,http://sindresorhus.com
ansi-regex,2.1.1,MIT,sindresorhus.com
ansi-regex,3.0.0,MIT,sindresorhus.com
ansi-styles,1.1.0,MIT,http://sindresorhus.com
ansi-styles,2.2.1,MIT,sindresorhus.com
ansi-styles,3.2.1,MIT,sindresorhus.com
anymatch,2.0.0,ISC,https://github.com/micromatch/anymatch
append-transform,1.0.0,MIT,github.com/jamestalmage
aproba,1.2.0,ISC,https://github.com/iarna/aproba
archive-zip,0.11.0,MIT,http://github.com/javanthropus/archive-zip
are-we-there-yet,1.1.5,ISC,https://github.com/iarna/are-we-there-yet
arel,8.0.0,MIT,https://github.com/rails/arel
argparse,1.0.10,MIT,Unknown
aria-query,3.0.0,Apache 2.0,https://github.com/A11yance/aria-query#readme
arr-diff,2.0.0,MIT,https://github.com/jonschlinkert/arr-diff
arr-diff,4.0.0,MIT,https://github.com/jonschlinkert/arr-diff
arr-flatten,1.1.0,MIT,https://github.com/jonschlinkert/arr-flatten
arr-union,3.1.0,MIT,https://github.com/jonschlinkert/arr-union
array-equal,1.0.0,MIT,http://jongleberry.com
array-filter,0.0.1,MIT,https://github.com/juliangruber/array-filter
array-find-index,1.0.2,MIT,sindresorhus.com
array-flatten,1.1.1,MIT,https://github.com/blakeembrey/array-flatten
array-flatten,2.1.1,MIT,https://github.com/blakeembrey/array-flatten
array-includes,3.0.3,MIT,http://ljharb.codes
array-iterate,1.1.2,MIT,http://wooorm.com
array-map,0.0.0,MIT,https://github.com/substack/array-map
array-reduce,0.0.0,MIT,https://github.com/substack/array-reduce
array-union,1.0.2,MIT,sindresorhus.com
array-uniq,1.0.3,MIT,sindresorhus.com
array-unique,0.2.1,MIT,https://github.com/jonschlinkert/array-unique
array-unique,0.3.2,MIT,https://github.com/jonschlinkert/array-unique
arrify,1.0.1,MIT,sindresorhus.com
asap,2.0.6,MIT,Unknown
asn1,0.2.3,MIT,Unknown
asn1.js,4.10.1,MIT,https://github.com/indutny/asn1.js
assert,1.4.1,MIT,https://github.com/defunctzombie/commonjs-assert
assert-plus,0.2.0,MIT,Unknown
assert-plus,1.0.0,MIT,Unknown
assign-symbols,1.0.0,MIT,https://github.com/jonschlinkert/assign-symbols
ast,2.4.0,MIT,https://whitequark.github.io/ast/
ast-types-flow,0.0.7,ISC,https://github.com/kyldvs/ast-types-flow#readme
astral-regex,1.0.0,MIT,github.com/kevva
async,1.5.2,MIT,Unknown
async,2.6.1,MIT,https://caolan.github.io/async/
async-each,1.0.1,MIT,https://github.com/paulmillr/async-each/
async-foreach,0.1.3,MIT*,http://github.com/cowboy/javascript-sync-async-foreach
async-limiter,1.0.0,MIT,Unknown
asynckit,0.4.0,MIT,https://github.com/alexindigo/asynckit#readme
atob,2.1.1,(MIT OR Apache-2.0),https://git.coolaj86.com/coolaj86/atob.js.git
autoprefixer,6.7.7,MIT,Unknown
autoprefixer,7.2.6,MIT,Unknown
autoprefixer-rails,8.5.0,MIT,https://github.com/ai/autoprefixer-rails
aws-sign2,0.6.0,Apache 2.0,http://www.futurealoof.com
aws-sign2,0.7.0,Apache 2.0,http://www.futurealoof.com
aws4,1.7.0,MIT,http://github.com/mhart
axe-matchers,2.1.1,Mozilla Public License 2.0,https://www.deque.com
axiom-types,0.1.1,MIT,https://github.com/dkubb/axiom-types
axios,0.16.2,MIT,https://github.com/mzabriskie/axios
axios,0.18.0,MIT,https://github.com/axios/axios
axobject-query,2.0.1,Apache 2.0,https://github.com/A11yance/axobject-query#readme
babel-code-frame,6.26.0,MIT,https://babeljs.io/
babel-core,6.26.3,MIT,https://babeljs.io/
babel-eslint,8.2.6,MIT,https://github.com/babel/babel-eslint
babel-generator,6.26.1,MIT,https://babeljs.io/
babel-helper-builder-binary-assignment-operator-visitor,6.24.1,MIT,Unknown
babel-helper-builder-react-jsx,6.26.0,MIT,Unknown
babel-helper-call-delegate,6.24.1,MIT,Unknown
babel-helper-define-map,6.26.0,MIT,Unknown
babel-helper-explode-assignable-expression,6.24.1,MIT,Unknown
babel-helper-function-name,6.24.1,MIT,Unknown
babel-helper-get-function-arity,6.24.1,MIT,Unknown
babel-helper-hoist-variables,6.24.1,MIT,Unknown
babel-helper-optimise-call-expression,6.24.1,MIT,Unknown
babel-helper-regex,6.26.0,MIT,Unknown
babel-helper-remap-async-to-generator,6.24.1,MIT,Unknown
babel-helper-replace-supers,6.24.1,MIT,Unknown
babel-helpers,6.24.1,MIT,https://babeljs.io/
babel-jest,22.4.4,MIT,Unknown
babel-loader,7.1.5,MIT,https://github.com/babel/babel-loader
babel-messages,6.23.0,MIT,https://babeljs.io/
babel-plugin-check-es2015-constants,6.22.0,MIT,Unknown
babel-plugin-istanbul,4.1.6,New BSD,https://github.com/istanbuljs/babel-plugin-istanbul#readme
babel-plugin-jest-hoist,22.4.4,MIT,Unknown
babel-plugin-syntax-async-functions,6.13.0,MIT,Unknown
babel-plugin-syntax-class-properties,6.13.0,MIT,Unknown
babel-plugin-syntax-dynamic-import,6.18.0,MIT,Unknown
babel-plugin-syntax-exponentiation-operator,6.13.0,MIT,Unknown
babel-plugin-syntax-flow,6.18.0,MIT,Unknown
babel-plugin-syntax-jsx,6.18.0,MIT,Unknown
babel-plugin-syntax-object-rest-spread,6.13.0,MIT,Unknown
babel-plugin-syntax-trailing-function-commas,6.22.0,MIT,Unknown
babel-plugin-transform-async-to-generator,6.24.1,MIT,Unknown
babel-plugin-transform-class-properties,6.24.1,MIT,Unknown
babel-plugin-transform-es2015-arrow-functions,6.22.0,MIT,Unknown
babel-plugin-transform-es2015-block-scoped-functions,6.22.0,MIT,Unknown
babel-plugin-transform-es2015-block-scoping,6.26.0,MIT,Unknown
babel-plugin-transform-es2015-classes,6.24.1,MIT,Unknown
babel-plugin-transform-es2015-computed-properties,6.24.1,MIT,Unknown
babel-plugin-transform-es2015-destructuring,6.23.0,MIT,Unknown
babel-plugin-transform-es2015-duplicate-keys,6.24.1,MIT,Unknown
babel-plugin-transform-es2015-for-of,6.23.0,MIT,Unknown
babel-plugin-transform-es2015-function-name,6.24.1,MIT,Unknown
babel-plugin-transform-es2015-literals,6.22.0,MIT,Unknown
babel-plugin-transform-es2015-modules-amd,6.24.1,MIT,Unknown
babel-plugin-transform-es2015-modules-commonjs,6.26.2,MIT,Unknown
babel-plugin-transform-es2015-modules-systemjs,6.24.1,MIT,Unknown
babel-plugin-transform-es2015-modules-umd,6.24.1,MIT,Unknown
babel-plugin-transform-es2015-object-super,6.24.1,MIT,Unknown
babel-plugin-transform-es2015-parameters,6.24.1,MIT,Unknown
babel-plugin-transform-es2015-shorthand-properties,6.24.1,MIT,Unknown
babel-plugin-transform-es2015-spread,6.22.0,MIT,Unknown
babel-plugin-transform-es2015-sticky-regex,6.24.1,MIT,Unknown
babel-plugin-transform-es2015-template-literals,6.22.0,MIT,Unknown
babel-plugin-transform-es2015-typeof-symbol,6.23.0,MIT,Unknown
babel-plugin-transform-es2015-unicode-regex,6.24.1,MIT,Unknown
babel-plugin-transform-exponentiation-operator,6.24.1,MIT,Unknown
babel-plugin-transform-flow-strip-types,6.22.0,MIT,Unknown
babel-plugin-transform-object-rest-spread,6.26.0,MIT,Unknown
babel-plugin-transform-react-display-name,6.25.0,MIT,Unknown
babel-plugin-transform-react-jsx,6.24.1,MIT,Unknown
babel-plugin-transform-react-jsx-self,6.22.0,MIT,Unknown
babel-plugin-transform-react-jsx-source,6.22.0,MIT,Unknown
babel-plugin-transform-regenerator,6.26.0,MIT,https://github.com/babel/babel/tree/master/packages/babel-plugin-transform-regenerator
babel-plugin-transform-strict-mode,6.24.1,MIT,Unknown
babel-polyfill,6.26.0,MIT,https://babeljs.io/
babel-preset-env,1.7.0,MIT,https://babeljs.io/
babel-preset-flow,6.23.0,MIT,Unknown
babel-preset-jest,22.4.4,MIT,Unknown
babel-preset-react,6.24.1,MIT,https://babeljs.io/
babel-register,6.26.0,MIT,Unknown
babel-runtime,6.26.0,MIT,Unknown
babel-template,6.26.0,MIT,https://babeljs.io/
babel-traverse,6.26.0,MIT,https://babeljs.io/
babel-types,6.26.0,MIT,https://babeljs.io/
babylon,6.18.0,MIT,https://babeljs.io/
babylon,7.0.0-beta.44,MIT,https://babeljs.io/
bail,1.0.3,MIT,http://wooorm.com
balanced-match,0.1.0,MIT,https://github.com/juliangruber/balanced-match
balanced-match,0.4.2,MIT,https://github.com/juliangruber/balanced-match
balanced-match,1.0.0,MIT,https://github.com/juliangruber/balanced-match
base,0.11.2,MIT,https://github.com/node-base/base
base64-js,1.3.0,MIT,https://github.com/beatgammit/base64-js
batch,0.6.1,MIT,Unknown
bcrypt-pbkdf,1.0.2,New BSD,Unknown
big.js,3.2.0,MIT,Unknown
binary-extensions,1.11.0,MIT,sindresorhus.com
bindex,0.5.0,MIT,https://github.com/gsamokovarov/bindex
block-stream,0.0.9,ISC,http://blog.izs.me/
bluebird,3.5.1,MIT,https://github.com/petkaantonov/bluebird
bn.js,4.11.8,MIT,https://github.com/indutny/bn.js
body-parser,1.18.2,MIT,Unknown
bonjour,3.5.0,MIT,https://github.com/watson/bonjour
boolbase,1.0.0,ISC,https://github.com/fb55/boolbase
boom,2.10.1,New BSD,Unknown
bootstrap,3.3.7,MIT,http://getbootstrap.com/
bootstrap,4.1.1,MIT,https://github.com/twbs/bootstrap-rubygem
bootstrap-sass,3.3.7,MIT,https://github.com/twbs/bootstrap-sass
brace-expansion,1.1.11,MIT,https://github.com/juliangruber/brace-expansion
braces,1.8.5,MIT,https://github.com/jonschlinkert/braces
braces,2.3.2,MIT,https://github.com/micromatch/braces
brakeman,4.2.1,MIT,http://brakemanscanner.org
brorand,1.1.0,MIT,https://github.com/indutny/brorand
browser-process-hrtime,0.1.2,Simplified BSD,Unknown
browser-resolve,1.11.3,MIT,Unknown
browserify-aes,1.2.0,MIT,https://github.com/crypto-browserify/browserify-aes
browserify-cipher,1.0.1,MIT,Unknown
browserify-des,1.0.2,MIT,https://github.com/crypto-browserify/browserify-des#readme
browserify-rsa,4.0.1,MIT,Unknown
browserify-sign,4.0.4,ISC,Unknown
browserify-zlib,0.2.0,MIT,https://github.com/devongovett/browserify-zlib
browserslist,1.7.7,MIT,Unknown
browserslist,2.11.3,MIT,Unknown
browserslist,3.2.8,MIT,Unknown
bser,2.0.0,Apache 2.0,https://facebook.github.io/watchman/docs/bser.html
buffer,4.9.1,MIT,https://github.com/feross/buffer
buffer-from,1.1.0,MIT,Unknown
buffer-indexof,1.1.1,MIT,Unknown
buffer-xor,1.0.3,MIT,https://github.com/crypto-browserify/buffer-xor
builder,3.2.3,MIT,http://onestepback.org
builtin-modules,1.1.1,MIT,sindresorhus.com
builtin-status-codes,3.0.0,MIT,bendrucker.me
bundler,1.16.2,MIT,http://bundler.io
bundler-audit,0.6.0,GPL-3.0+,https://github.com/rubysec/bundler-audit#readme
byebug,10.0.2,Simplified BSD,http://github.com/deivid-rodriguez/byebug
bytes,3.0.0,MIT,http://tjholowaychuk.com
cacache,10.0.4,ISC,Unknown
cache-base,1.0.1,MIT,https://github.com/jonschlinkert/cache-base
caller-path,0.1.0,MIT,http://sindresorhus.com
callsites,0.2.0,MIT,http://sindresorhus.com
callsites,2.0.0,MIT,sindresorhus.com
camelcase,1.2.1,MIT,http://sindresorhus.com
camelcase,2.1.1,MIT,http://sindresorhus.com
camelcase,3.0.0,MIT,http://sindresorhus.com
camelcase,4.1.0,MIT,sindresorhus.com
camelcase-keys,2.1.0,MIT,http://sindresorhus.com
camelcase-keys,4.2.0,MIT,sindresorhus.com
caniuse-api,1.6.1,MIT,Unknown
caniuse-api,2.0.0,MIT,Unknown
caniuse-db,1.0.30000869,CC-BY-4.0,Unknown
caniuse-lite,1.0.30000865,CC-BY-4.0,http://beneb.info
capture-exit,1.2.0,ISC,https://github.com/stefanpenner/capture-exit#readme
capybara,2.18.0,MIT,https://github.com/teamcapybara/capybara
case-sensitive-paths-webpack-plugin,2.1.2,MIT,https://github.com/Urthen/case-sensitive-paths-webpack-plugin#readme
caseless,0.12.0,Apache 2.0,Unknown
ccount,1.0.3,MIT,http://wooorm.com
center-align,0.1.3,MIT,https://github.com/jonschlinkert/center-align
chalk,0.5.1,MIT,Unknown
chalk,1.1.3,MIT,Unknown
chalk,2.4.1,MIT,Unknown
character-entities,1.2.2,MIT,http://wooorm.com
character-entities-html4,1.1.2,MIT,http://wooorm.com
character-entities-legacy,1.1.2,MIT,http://wooorm.com
character-reference-invalid,1.1.2,MIT,http://wooorm.com
chardet,0.4.2,MIT,https://github.com/runk/node-chardet
cheerio,1.0.0-rc.2,MIT,mat.io
childprocess,0.9.0,MIT,http://github.com/enkessler/childprocess
chokidar,2.0.4,MIT,https://github.com/paulmillr/chokidar
chownr,1.0.1,ISC,http://blog.izs.me/
chromedriver-helper,1.2.0,MIT,https://github.com/flavorjones/chromedriver-helper
ci-info,1.1.3,MIT,https://github.com/watson/ci-info
cipher-base,1.0.4,MIT,https://github.com/crypto-browserify/cipher-base#readme
circular-json,0.3.3,MIT,https://github.com/WebReflection/circular-json
clap,1.2.3,MIT,https://github.com/lahmatiy/clap
class-utils,0.3.6,MIT,https://github.com/jonschlinkert/class-utils
classnames,2.2.6,MIT,Unknown
cli-cursor,1.0.2,MIT,sindresorhus.com
cli-cursor,2.1.0,MIT,sindresorhus.com
cli-width,2.2.0,ISC,https://github.com/knownasilya/cli-width
cliui,2.1.0,ISC,Unknown
cliui,3.2.0,ISC,Unknown
cliui,4.1.0,ISC,Unknown
clone,1.0.4,MIT,http://paul.vorba.ch/
clone-deep,2.0.2,MIT,https://github.com/jonschlinkert/clone-deep
clone-regexp,1.0.1,MIT,http://sindresorhus.com
co,4.6.0,MIT,Unknown
coa,1.0.4,MIT,http://github.com/veged/coa
code-point-at,1.1.0,MIT,sindresorhus.com
coderay,1.1.2,MIT,http://coderay.rubychan.de
coercible,1.0.0,MIT,https://github.com/solnic/coercible
coffeescript,2.3.1,MIT,https://coffeescript.org/
collapse-white-space,1.0.4,MIT,http://wooorm.com
collection-visit,1.0.0,MIT,https://github.com/jonschlinkert/collection-visit
color,0.11.4,MIT,Unknown
color,1.0.3,MIT,Unknown
color,2.0.1,MIT,Unknown
color-convert,1.9.2,MIT,Unknown
color-name,1.1.1,MIT,https://github.com/dfcreative/color-name
color-name,1.1.3,MIT,https://github.com/dfcreative/color-name
color-string,0.3.0,MIT,Unknown
color-string,1.5.2,MIT,Unknown
colormin,1.1.2,MIT,https://github.com/ben-eb/colormin
colors,0.5.1,UNKNOWN,Unknown
colors,1.1.2,MIT,https://github.com/Marak/colors.js
combined-stream,1.0.6,MIT,https://github.com/felixge/node-combined-stream
commander,2.13.0,MIT,Unknown
commander,2.16.0,MIT,Unknown
commondir,1.0.1,MIT,http://substack.net
compare-versions,3.3.0,MIT,https://github.com/omichelsen/compare-versions#readme
component-emitter,1.2.1,MIT,Unknown
compressible,2.0.14,MIT,Unknown
compression,1.7.3,MIT,Unknown
compression-webpack-plugin,1.1.11,MIT,https://webpack.js.org/plugins/compression-webpack-plugin/
concat-map,0.0.1,MIT,http://substack.net
concat-stream,1.6.2,MIT,Unknown
concurrent-ruby,1.0.5,MIT,http://www.concurrent-ruby.com
connect-history-api-fallback,1.5.0,MIT,http://bripkens.de
console-browserify,1.1.0,MIT,https://github.com/Raynos/console-browserify
console-control-strings,1.1.0,ISC,http://re-becca.org/
constants-browserify,1.0.0,MIT,https://github.com/juliangruber/constants-browserify
contains-path,0.1.0,MIT,https://github.com/jonschlinkert/contains-path
content-disposition,0.5.2,MIT,Unknown
content-type,1.0.4,MIT,Unknown
convert-source-map,1.5.1,MIT,https://github.com/thlorenz/convert-source-map
cookie,0.3.1,MIT,Unknown
cookie-signature,1.0.6,MIT,Unknown
copy-concurrently,1.0.5,ISC,https://www.npmjs.com/package/copy-concurrently
copy-descriptor,0.1.1,MIT,https://github.com/jonschlinkert/copy-descriptor
copyfiles,1.2.0,ISC,Unknown
core-js,1.2.7,MIT,Unknown
core-js,2.5.7,MIT,Unknown
core-util-is,1.0.2,MIT,http://blog.izs.me/
cosmiconfig,3.1.0,MIT,https://github.com/davidtheclark/cosmiconfig#readme
cosmiconfig,4.0.0,MIT,https://github.com/davidtheclark/cosmiconfig#readme
crass,1.0.4,MIT,https://github.com/rgrove/crass/
create-ecdh,4.0.3,MIT,https://github.com/crypto-browserify/createECDH
create-hash,1.2.0,MIT,https://github.com/crypto-browserify/createHash
create-hmac,1.1.7,MIT,https://github.com/crypto-browserify/createHmac
create-react-class,15.6.3,MIT,https://facebook.github.io/react/
cross-spawn,3.0.1,MIT,http://indigounited.com
cross-spawn,5.1.0,MIT,http://indigounited.com
cross-spawn,6.0.5,MIT,https://github.com/moxystudio/node-cross-spawn
cryptiles,2.0.5,New BSD,Unknown
crypto-browserify,3.12.0,MIT,https://github.com/crypto-browserify/crypto-browserify
css-color-function,1.3.3,MIT,Unknown
css-color-names,0.0.4,MIT,http://www.daveeddy.com
css-loader,0.28.11,MIT,https://github.com/webpack-contrib/css-loader
css-select,1.2.0,Simplified BSD,Unknown
css-selector-tokenizer,0.7.0,MIT,https://github.com/css-modules/css-selector-tokenizer
css-unit-converter,1.1.1,MIT,https://github.com/andyjansson/css-unit-converter
css-what,2.1.0,Simplified BSD,http://feedic.com
cssesc,0.1.0,MIT,http://mths.be/cssesc
cssnano,3.10.0,MIT,https://github.com/ben-eb/cssnano
csso,2.3.2,MIT,https://github.com/css/csso
cssom,0.3.4,MIT,Unknown
cssstyle,0.3.1,MIT,https://github.com/jsakas/CSSStyleDeclaration
csstype,2.5.5,MIT,Unknown
currently-unhandled,0.4.1,MIT,github.com/jamestalmage
cyclist,0.2.2,MIT*,Unknown
d,1.0.0,MIT,http://www.medikoo.com/
damerau-levenshtein,1.0.4,Simplified BSD,Unknown
dashdash,1.14.1,MIT,http://trentm.com
data-urls,1.0.0,MIT,https://domenic.me/
date-now,0.1.4,MIT,https://github.com/Colingo/date-now
debug,2.6.9,MIT,Unknown
debug,3.1.0,MIT,Unknown
debuglog,1.0.1,MIT,Unknown
decamelize,1.2.0,MIT,sindresorhus.com
decamelize-keys,1.1.0,MIT,http://sindresorhus.com
decode-uri-component,0.2.0,MIT,github.com/SamVerschueren
deep-equal,1.0.1,MIT,http://substack.net
deep-extend,0.6.0,MIT,https://github.com/unclechu/node-deep-extend
deep-is,0.1.3,MIT,http://thlorenz.com
default-require-extensions,2.0.0,MIT,github.com/jamestalmage
define-properties,1.1.2,MIT,Unknown
define-property,0.2.5,MIT,https://github.com/jonschlinkert/define-property
define-property,1.0.0,MIT,https://github.com/jonschlinkert/define-property
define-property,2.0.2,MIT,https://github.com/jonschlinkert/define-property
defined,1.0.0,MIT,https://github.com/substack/defined
del,2.2.2,MIT,sindresorhus.com
del,3.0.0,MIT,sindresorhus.com
delayed-stream,1.0.0,MIT,https://github.com/felixge/node-delayed-stream
delegates,1.0.0,MIT,Unknown
depd,1.1.1,MIT,Unknown
depd,1.1.2,MIT,Unknown
des.js,1.0.0,MIT,https://github.com/indutny/des.js#readme
descendants_tracker,0.0.4,MIT,https://github.com/dkubb/descendants_tracker
destroy,1.0.4,MIT,http://jongleberry.com
detect-indent,4.0.0,MIT,sindresorhus.com
detect-libc,1.0.3,Apache 2.0,Unknown
detect-newline,2.1.0,MIT,sindresorhus.com
detect-node,2.0.3,ISC,https://github.com/iliakan/detect-node
dezalgo,1.0.3,ISC,https://github.com/npm/dezalgo
diff,3.5.0,New BSD,Unknown
diff-lcs,1.3,"MIT,Artistic-2.0,GPL-2.0+",https://github.com/halostatue/diff-lcs
diffie-hellman,5.0.3,MIT,https://github.com/crypto-browserify/diffie-hellman
dir-glob,2.0.0,MIT,github.com/kevva
discontinuous-range,1.0.0,MIT,https://github.com/dtudury/discontinuous-range
dns-equal,1.0.0,MIT,https://github.com/watson/dns-equal#readme
dns-packet,1.3.1,MIT,https://github.com/mafintosh/dns-packet
dns-txt,2.0.2,MIT,https://github.com/watson/dns-txt
docile,1.1.5,MIT,https://ms-ati.github.io/docile/
doctrine,1.5.0,Simplified BSD,https://github.com/eslint/doctrine
doctrine,2.1.0,Apache 2.0,https://github.com/eslint/doctrine
dom-helpers,3.3.1,MIT,Unknown
dom-serializer,0.1.0,MIT,Unknown
domain-browser,1.2.0,MIT,https://github.com/bevry/domain-browser
domelementtype,1.1.3,Simplified BSD,Unknown
domelementtype,1.3.0,Simplified BSD,Unknown
domexception,1.0.1,MIT,https://domenic.me/
domhandler,2.4.2,Simplified BSD,Unknown
domutils,1.5.1,Simplified BSD,Unknown
domutils,1.7.0,Simplified BSD,Unknown
dot-prop,4.2.0,MIT,sindresorhus.com
dotenv,2.4.0,MIT,https://github.com/bkeepers/dotenv
dotenv,6.0.0,Simplified BSD,Unknown
dotenv-rails,2.4.0,MIT,https://github.com/bkeepers/dotenv
dry-configurable,0.7.0,MIT,https://github.com/dryrb/dry-configurable
dry-container,0.6.0,MIT,https://github.com/dryrb/dry-container
dry-core,0.4.5,MIT,https://github.com/dry-rb/dry-core
dry-equalizer,0.2.1,MIT,https://github.com/dryrb/dry-equalizer
dry-logic,0.4.2,MIT,https://github.com/dry-rb/dry-logic
dry-struct,0.4.0,MIT,https://github.com/dry-rb/dry-struct
dry-types,0.12.2,MIT,https://github.com/dry-rb/dry-types
dumb_delegator,0.8.0,MIT,https://github.com/stevenharman/dumb_delegator
duplexer,0.1.1,MIT,https://github.com/Raynos/duplexer
duplexify,3.6.0,MIT,https://github.com/mafintosh/duplexify
ecc-jsbn,0.1.1,MIT,https://github.com/quartzjer/ecc-jsbn
ee-first,1.1.1,MIT,http://jongleberry.com
elasticsearch,15.1.1,Apache 2.0,http://www.elastic.co/guide/en/elasticsearch/client/javascript-api/current/index.html
electron-to-chromium,1.3.52,ISC,Unknown
elliptic,6.4.0,MIT,https://github.com/indutny/elliptic
emoji-regex,6.5.1,MIT,https://mths.be/emoji-regex
emojis-list,2.1.0,MIT,https://github.com/Kikobeats/emojis-list
encodeurl,1.0.2,MIT,Unknown
encoding,0.1.12,MIT,Unknown
end-of-stream,1.4.1,MIT,https://github.com/mafintosh/end-of-stream
enhanced-resolve,3.4.1,MIT,http://github.com/webpack/enhanced-resolve
entities,1.1.1,Simplified BSD,Unknown
enzyme,3.3.0,MIT,http://airbnb.io/enzyme/
enzyme-adapter-react-16,1.1.1,MIT,http://airbnb.io/enzyme/
enzyme-adapter-utils,1.4.0,MIT,http://airbnb.io/enzyme/
equalizer,0.0.11,MIT,https://github.com/dkubb/equalizer
errno,0.1.7,MIT,Unknown
error-ex,1.3.2,MIT,Unknown
erubi,1.7.1,MIT,https://github.com/jeremyevans/erubi
es-abstract,1.12.0,MIT,http://ljharb.codes
es-to-primitive,1.1.1,MIT,Unknown
es5-ext,0.10.45,ISC,http://www.medikoo.com/
es6-iterator,2.0.3,MIT,http://www.medikoo.com/
es6-map,0.1.5,MIT,http://www.medikoo.com/
es6-set,0.1.5,MIT,http://www.medikoo.com/
es6-symbol,3.1.1,MIT,http://www.medikoo.com/
es6-weak-map,2.0.2,MIT,http://www.medikoo.com/
escape-html,1.0.3,MIT,Unknown
escape-string-regexp,1.0.5,MIT,sindresorhus.com
escodegen,1.11.0,Simplified BSD,http://github.com/estools/escodegen
escope,3.6.0,Simplified BSD,http://github.com/estools/escope
eslint,3.19.0,MIT,http://eslint.org/
eslint,4.19.1,MIT,https://eslint.org/
eslint-config-prettier,2.9.0,MIT,Unknown
eslint-config-standard,11.0.0,MIT,https://github.com/standard/eslint-config-standard
eslint-import-resolver-node,0.3.2,MIT,https://github.com/benmosher/eslint-plugin-import
eslint-loader,1.9.0,MIT,Unknown
eslint-module-utils,2.2.0,MIT,https://github.com/benmosher/eslint-plugin-import#readme
eslint-plugin-import,2.13.0,MIT,https://github.com/benmosher/eslint-plugin-import
eslint-plugin-jasmine,2.10.1,MIT,https://github.com/tlvince/eslint-plugin-jasmine
eslint-plugin-jest,21.18.0,MIT,jkimbo.com
eslint-plugin-jsx-a11y,6.1.1,MIT,Unknown
eslint-plugin-no-unsanitized,2.0.2,Mozilla Public License 2.0,https://github.com/mozilla/eslint-plugin-no-unsanitized/
eslint-plugin-node,5.2.1,MIT,https://github.com/mysticatea/eslint-plugin-node#readme
eslint-plugin-prettier,2.6.2,MIT,https://github.com/prettier/eslint-plugin-prettier#readme
eslint-plugin-promise,3.8.0,ISC,Unknown
eslint-plugin-react,7.10.0,MIT,https://github.com/yannickcr/eslint-plugin-react
eslint-plugin-standard,3.1.0,MIT,https://github.com/xjamundx/eslint-plugin-standard#readme
eslint-scope,3.7.1,Simplified BSD,http://github.com/eslint/eslint-scope
eslint-scope,3.7.3,Simplified BSD,http://github.com/eslint/eslint-scope
eslint-visitor-keys,1.0.0,Apache 2.0,https://github.com/eslint/eslint-visitor-keys#readme
espree,3.5.4,Simplified BSD,https://github.com/eslint/espree
esprima,2.7.3,Simplified BSD,http://esprima.org/
esprima,3.1.3,Simplified BSD,http://esprima.org/
esprima,4.0.1,Simplified BSD,http://esprima.org/
esquery,1.0.1,New BSD,Unknown
esrecurse,4.2.1,Simplified BSD,https://github.com/estools/esrecurse
estraverse,4.2.0,Simplified BSD,https://github.com/estools/estraverse
esutils,2.0.2,Simplified BSD,https://github.com/estools/esutils
etag,1.8.1,MIT,Unknown
event-emitter,0.3.5,MIT,http://www.medikoo.com/
event-stream,3.3.4,MIT,http://github.com/dominictarr/event-stream
eventemitter3,3.1.0,MIT,Unknown
events,1.1.1,MIT,http://jeditoolkit.com
eventsource,0.1.6,MIT,http://github.com/aslakhellesoy/eventsource-node
evp_bytestokey,1.0.3,MIT,https://github.com/crypto-browserify/EVP_BytesToKey
exec-sh,0.2.2,MIT,Unknown
execa,0.7.0,MIT,sindresorhus.com
execall,1.0.0,MIT,sindresorhus.com
execjs,2.7.0,MIT,https://github.com/rails/execjs
exenv,1.2.2,New BSD,https://github.com/JedWatson/exenv
exit,0.1.2,MIT,https://github.com/cowboy/node-exit
exit-hook,1.1.1,MIT,http://sindresorhus.com
expand-brackets,0.1.5,MIT,https://github.com/jonschlinkert/expand-brackets
expand-brackets,2.1.4,MIT,https://github.com/jonschlinkert/expand-brackets
expand-range,1.8.2,MIT,https://github.com/jonschlinkert/expand-range
expect,22.4.3,MIT,Unknown
express,4.16.3,MIT,http://expressjs.com/
extend,3.0.2,MIT,http://www.justmoon.net
extend-shallow,2.0.1,MIT,https://github.com/jonschlinkert/extend-shallow
extend-shallow,3.0.2,MIT,https://github.com/jonschlinkert/extend-shallow
external-editor,2.2.0,MIT,https://github.com/mrkmg/node-external-editor#readme
extglob,0.3.2,MIT,https://github.com/jonschlinkert/extglob
extglob,2.0.4,MIT,https://github.com/micromatch/extglob
extract-text-webpack-plugin,3.0.2,MIT,http://github.com/webpack-contrib/extract-text-webpack-plugin
extsprintf,1.3.0,MIT,Unknown
extsprintf,1.4.0,MIT,Unknown
faker,4.1.0,MIT,Unknown
faraday,0.13.1,MIT,https://github.com/lostisland/faraday
faraday_middleware,0.12.2,MIT,https://github.com/lostisland/faraday_middleware
fast-deep-equal,1.1.0,MIT,https://github.com/epoberezkin/fast-deep-equal#readme
fast-deep-equal,2.0.1,MIT,https://github.com/epoberezkin/fast-deep-equal#readme
fast-diff,1.1.2,Apache 2.0,Unknown
fast-json-stable-stringify,2.0.0,MIT,https://github.com/epoberezkin/fast-json-stable-stringify
fast-levenshtein,2.0.6,MIT,http://www.hiddentao.com/
fastparse,1.1.1,MIT,https://github.com/webpack/fastparse
faye-websocket,0.10.0,MIT,http://github.com/faye/faye-websocket-node
faye-websocket,0.11.1,MIT,https://github.com/faye/faye-websocket-node
fb-watchman,2.0.0,Apache 2.0,https://facebook.github.io/watchman/
fbjs,0.8.17,MIT,Unknown
feature,1.4.0,MIT,http://github.com/mgsnova/feature
ffi,1.9.23,New BSD,http://wiki.github.com/ffi/ffi
figures,1.7.0,MIT,sindresorhus.com
figures,2.0.0,MIT,sindresorhus.com
file-entry-cache,2.0.0,MIT,http://royriojas.com
file-loader,1.1.11,MIT,https://webpack.js.org/loaders/file-loader
filename-regex,2.0.1,MIT,https://github.com/regexhq/filename-regex
fileset,2.0.3,MIT,https://github.com/mklabs/node-fileset
fill-range,2.2.4,MIT,https://github.com/jonschlinkert/fill-range
fill-range,4.0.0,MIT,https://github.com/jonschlinkert/fill-range
finalhandler,1.1.1,MIT,Unknown
find-cache-dir,0.1.1,MIT,github.com/jamestalmage
find-cache-dir,1.0.0,MIT,github.com/jamestalmage
find-up,1.1.2,MIT,sindresorhus.com
find-up,2.1.0,MIT,sindresorhus.com
flat-cache,1.3.0,MIT,http://royriojas.com
flatten,1.0.2,MIT,http://jesusabdullah.net
flush-write-stream,1.0.3,MIT,https://github.com/mafintosh/flush-write-stream
flux-standard-action,2.0.3,MIT,Unknown
follow-redirects,1.5.1,MIT,https://github.com/olalonde/follow-redirects
for-in,0.1.8,MIT,https://github.com/jonschlinkert/for-in
for-in,1.0.2,MIT,https://github.com/jonschlinkert/for-in
for-own,0.1.5,MIT,https://github.com/jonschlinkert/for-own
for-own,1.0.0,MIT,https://github.com/jonschlinkert/for-own
foreach,2.0.5,MIT,Unknown
foreman,0.84.0,MIT,http://github.com/ddollar/foreman
forever-agent,0.6.1,Apache 2.0,http://www.futurealoof.com
form-data,2.1.4,MIT,http://debuggable.com/
form-data,2.3.2,MIT,http://debuggable.com/
forwarded,0.1.2,MIT,Unknown
fragment-cache,0.2.1,MIT,https://github.com/jonschlinkert/fragment-cache
fresh,0.5.2,MIT,http://tjholowaychuk.com
from,0.1.7,MIT,dominictarr.com
from2,2.3.0,MIT,https://github.com/hughsk/from2
fs-extra,0.30.0,MIT,https://github.com/jprichardson/node-fs-extra
fs-minipass,1.2.5,ISC,https://github.com/npm/fs-minipass#readme
fs-write-stream-atomic,1.0.10,ISC,https://github.com/npm/fs-write-stream-atomic
fs.realpath,1.0.0,ISC,http://blog.izs.me/
fsevents,1.2.4,MIT,https://github.com/strongloop/fsevents
fstream,1.0.11,ISC,http://blog.izs.me/
function-bind,1.1.1,MIT,https://github.com/Raynos/function-bind
function.prototype.name,1.1.0,MIT,Unknown
functional-red-black-tree,1.0.1,MIT,Unknown
gauge,2.7.4,ISC,https://github.com/iarna/gauge
gaze,1.1.3,MIT,https://github.com/shama/gaze
generate-function,2.0.0,MIT,https://github.com/mafintosh/generate-function
generate-object-property,1.2.0,MIT,https://github.com/mafintosh/generate-object-property
get-caller-file,1.0.3,ISC,https://github.com/stefanpenner/get-caller-file#readme
get-stdin,4.0.1,MIT,http://sindresorhus.com
get-stdin,5.0.1,MIT,sindresorhus.com
get-stream,3.0.0,MIT,sindresorhus.com
get-value,2.0.6,MIT,https://github.com/jonschlinkert/get-value
getpass,0.1.7,MIT,Unknown
glob,6.0.4,ISC,http://blog.izs.me/
glob,7.1.2,ISC,http://blog.izs.me/
glob-base,0.3.0,MIT,https://github.com/jonschlinkert/glob-base
glob-parent,2.0.0,ISC,https://github.com/es128/glob-parent
glob-parent,3.1.0,ISC,https://github.com/es128/glob-parent
globalid,0.4.1,MIT,http://www.rubyonrails.org
globals,11.7.0,MIT,sindresorhus.com
globals,9.18.0,MIT,http://sindresorhus.com
globby,5.0.0,MIT,sindresorhus.com
globby,6.1.0,MIT,sindresorhus.com
globby,7.1.1,MIT,sindresorhus.com
globjoin,0.1.4,MIT,https://github.com/amobiz/globjoin
globule,1.2.1,MIT,https://github.com/cowboy/node-globule
gonzales-pe,4.2.3,MIT,http://github.com/tonyganch/gonzales-pe
graceful-fs,4.1.11,ISC,Unknown
growly,1.3.0,MIT,http://ibrahimalrajhi.com/
handle-thing,1.2.5,MIT,https://github.com/indutny/handle-thing#readme
handlebars,4.0.11,MIT,http://www.handlebarsjs.com/
har-schema,1.0.5,ISC,https://github.com/ahmadnassri/har-schema
har-schema,2.0.0,ISC,https://github.com/ahmadnassri/har-schema
har-validator,4.2.1,ISC,https://github.com/ahmadnassri/har-validator
har-validator,5.0.3,ISC,https://github.com/ahmadnassri/har-validator
harmony-reflect,1.6.0,(Apache-2.0 OR MPL-1.1),https://github.com/tvcutsem/harmony-reflect
has,1.0.3,MIT,https://github.com/tarruda/has
has-ansi,0.1.0,MIT,http://sindresorhus.com
has-ansi,2.0.0,MIT,sindresorhus.com
has-flag,1.0.0,MIT,sindresorhus.com
has-flag,2.0.0,MIT,sindresorhus.com
has-flag,3.0.0,MIT,sindresorhus.com
has-symbols,1.0.0,MIT,http://ljharb.codes
has-unicode,2.0.1,ISC,https://github.com/iarna/has-unicode
has-value,0.3.1,MIT,https://github.com/jonschlinkert/has-value
has-value,1.0.0,MIT,https://github.com/jonschlinkert/has-value
has-values,0.1.4,MIT,https://github.com/jonschlinkert/has-values
has-values,1.0.0,MIT,https://github.com/jonschlinkert/has-values
hash-base,3.0.4,MIT,https://github.com/crypto-browserify/hash-base
hash.js,1.1.5,MIT,https://github.com/indutny/hash.js
hawk,3.1.3,New BSD,http://hueniverse.com
history,4.7.2,MIT,Unknown
hmac-drbg,1.0.1,MIT,https://github.com/indutny/hmac-drbg#readme
hoek,2.16.3,New BSD,Unknown
hoist-non-react-statics,2.5.5,New BSD,Unknown
home-or-tmp,2.0.0,MIT,sindresorhus.com
hosted-git-info,2.7.1,ISC,https://github.com/npm/hosted-git-info
hpack.js,2.1.6,MIT,https://github.com/indutny/hpack.js#readme
html-comment-regex,1.1.1,MIT,https://github.com/stevemao/html-comment-regex
html-encoding-sniffer,1.0.2,MIT,https://domenic.me/
html-entities,1.2.1,MIT,Unknown
html-tags,2.0.0,MIT,sindresorhus.com
htmlparser2,3.9.2,MIT,Unknown
http-deceiver,1.2.7,MIT,https://github.com/indutny/http-deceiver#readme
http-errors,1.6.2,MIT,http://jongleberry.com
http-errors,1.6.3,MIT,http://jongleberry.com
http-parser-js,0.4.13,MIT,https://github.com/creationix
http-proxy,1.17.0,MIT,Unknown
http-proxy-middleware,0.17.4,MIT,https://github.com/chimurai/http-proxy-middleware
http-signature,1.1.1,MIT,https://github.com/joyent/node-http-signature/
http-signature,1.2.0,MIT,https://github.com/joyent/node-http-signature/
https-browserify,1.0.0,MIT,https://github.com/substack/https-browserify
humanize-ms,1.2.1,MIT,http://deadhorse.me
i18n,1.0.1,MIT,http://github.com/svenfuchs/i18n
ice_nine,0.11.2,MIT,https://github.com/dkubb/ice_nine
iconv-lite,0.4.19,MIT,https://github.com/ashtuchkin/iconv-lite
iconv-lite,0.4.23,MIT,https://github.com/ashtuchkin/iconv-lite
icss-replace-symbols,1.1.0,ISC,https://github.com/css-modules/icss-replace-symbols#readme
icss-utils,2.1.0,ISC,https://github.com/css-modules/icss-utils#readme
identity-obj-proxy,3.0.0,MIT,https://github.com/keyanzhang/identity-obj-proxy#readme
ieee754,1.1.12,New BSD,http://feross.org
iferr,0.1.5,MIT,https://github.com/shesek/iferr
ignore,3.3.10,MIT,Unknown
ignore-walk,3.0.1,ISC,http://blog.izs.me/
immutable,3.8.1,New BSD,https://facebook.github.com/immutable-js
import-cwd,2.1.0,MIT,sindresorhus.com
import-from,2.1.0,MIT,sindresorhus.com
import-local,1.0.0,MIT,sindresorhus.com
imurmurhash,0.1.4,MIT,https://github.com/jensyt/imurmurhash-js
in-publish,2.0.0,ISC,https://github.com/iarna/in-publish
indent-string,2.1.0,MIT,sindresorhus.com
indent-string,3.2.0,MIT,sindresorhus.com
indexes-of,1.0.1,MIT,https://github.com/dominictarr/indexes-of
indexof,0.0.1,MIT*,Unknown
inflecto,0.0.2,MIT,https://github.com/mbj/inflecto
inflight,1.0.6,ISC,https://github.com/isaacs/inflight
inherits,2.0.1,ISC,Unknown
inherits,2.0.3,ISC,Unknown
ini,1.3.5,ISC,http://blog.izs.me/
inquirer,0.12.0,MIT,Unknown
inquirer,3.3.0,MIT,Unknown
internal-ip,1.2.0,MIT,sindresorhus.com
interpret,1.1.0,MIT,https://github.com/tkellen/node-interpret
invariant,2.2.4,MIT,Unknown
invert-kv,1.0.0,MIT,http://sindresorhus.com
io-like,0.3.0,MIT,http://io-like.rubyforge.org
ip,1.1.5,MIT,https://github.com/indutny/node-ip
ipaddr.js,1.6.0,MIT,Unknown
is-absolute-url,2.1.0,MIT,http://sindresorhus.com
is-accessor-descriptor,0.1.6,MIT,https://github.com/jonschlinkert/is-accessor-descriptor
is-accessor-descriptor,1.0.0,MIT,https://github.com/jonschlinkert/is-accessor-descriptor
is-alphabetical,1.0.2,MIT,http://wooorm.com
is-alphanumeric,1.0.0,MIT,arthurverschaeve.be
is-alphanumerical,1.0.2,MIT,http://wooorm.com
is-arrayish,0.2.1,MIT,http://github.com/qix-
is-arrayish,0.3.2,MIT,http://github.com/qix-
is-binary-path,1.0.1,MIT,sindresorhus.com
is-boolean-object,1.0.0,MIT,Unknown
is-buffer,1.1.6,MIT,http://feross.org/
is-builtin-module,1.0.0,MIT,sindresorhus.com
is-callable,1.1.4,MIT,http://ljharb.codes
is-ci,1.1.0,MIT,https://github.com/watson/is-ci
is-data-descriptor,0.1.4,MIT,https://github.com/jonschlinkert/is-data-descriptor
is-data-descriptor,1.0.0,MIT,https://github.com/jonschlinkert/is-data-descriptor
is-date-object,1.0.1,MIT,Unknown
is-decimal,1.0.2,MIT,http://wooorm.com
is-descriptor,0.1.6,MIT,https://github.com/jonschlinkert/is-descriptor
is-descriptor,1.0.2,MIT,https://github.com/jonschlinkert/is-descriptor
is-directory,0.3.1,MIT,https://github.com/jonschlinkert/is-directory
is-dotfile,1.0.3,MIT,https://github.com/jonschlinkert/is-dotfile
is-equal-shallow,0.1.3,MIT,https://github.com/jonschlinkert/is-equal-shallow
is-extendable,0.1.1,MIT,https://github.com/jonschlinkert/is-extendable
is-extendable,1.0.1,MIT,https://github.com/jonschlinkert/is-extendable
is-extglob,1.0.0,MIT,https://github.com/jonschlinkert/is-extglob
is-extglob,2.1.1,MIT,https://github.com/jonschlinkert/is-extglob
is-finite,1.0.2,MIT,sindresorhus.com
is-fullwidth-code-point,1.0.0,MIT,sindresorhus.com
is-fullwidth-code-point,2.0.0,MIT,sindresorhus.com
is-generator-fn,1.0.0,MIT,sindresorhus.com
is-glob,2.0.1,MIT,https://github.com/jonschlinkert/is-glob
is-glob,3.1.0,MIT,https://github.com/jonschlinkert/is-glob
is-glob,4.0.0,MIT,https://github.com/jonschlinkert/is-glob
is-hexadecimal,1.0.2,MIT,http://wooorm.com
is-my-ip-valid,1.0.0,MIT,Unknown
is-my-json-valid,2.17.2,MIT,https://github.com/mafintosh/is-my-json-valid
is-number,2.1.0,MIT,https://github.com/jonschlinkert/is-number
is-number,3.0.0,MIT,https://github.com/jonschlinkert/is-number
is-number,4.0.0,MIT,https://github.com/jonschlinkert/is-number
is-number-object,1.0.3,MIT,Unknown
is-obj,1.0.1,MIT,sindresorhus.com
is-path-cwd,1.0.0,MIT,http://sindresorhus.com
is-path-in-cwd,1.0.1,MIT,http://sindresorhus.com
is-path-inside,1.0.1,MIT,sindresorhus.com
is-plain-obj,1.1.0,MIT,sindresorhus.com
is-plain-object,2.0.4,MIT,https://github.com/jonschlinkert/is-plain-object
is-posix-bracket,0.1.1,MIT,https://github.com/jonschlinkert/is-posix-bracket
is-primitive,2.0.0,MIT,https://github.com/jonschlinkert/is-primitive
is-promise,2.1.0,MIT,Unknown
is-property,1.0.2,MIT,Unknown
is-regex,1.0.4,MIT,https://github.com/ljharb/is-regex
is-regexp,1.0.0,MIT,http://sindresorhus.com
is-resolvable,1.1.0,ISC,https://github.com/shinnn
is-stream,1.1.0,MIT,sindresorhus.com
is-string,1.0.4,MIT,Unknown
is-subset,0.1.1,MIT,Unknown
is-supported-regexp-flag,1.0.1,MIT,http://sindresorhus.com
is-svg,2.1.0,MIT,sindresorhus.com
is-symbol,1.0.1,MIT,Unknown
is-typedarray,1.0.0,MIT,https://github.com/hughsk/is-typedarray
is-utf8,0.2.1,MIT,Unknown
is-whitespace-character,1.0.2,MIT,http://wooorm.com
is-windows,1.0.2,MIT,https://github.com/jonschlinkert/is-windows
is-word-character,1.0.2,MIT,http://wooorm.com
is-wsl,1.1.0,MIT,sindresorhus.com
isarray,0.0.1,MIT,https://github.com/juliangruber/isarray
isarray,1.0.0,MIT,https://github.com/juliangruber/isarray
isexe,2.0.0,ISC,https://github.com/isaacs/isexe#readme
isnumeric,0.2.0,UNKNOWN,http://ilee.co.uk/
isobject,2.1.0,MIT,https://github.com/jonschlinkert/isobject
isobject,3.0.1,MIT,https://github.com/jonschlinkert/isobject
isomorphic-fetch,2.2.1,MIT,https://github.com/matthew-andrews/isomorphic-fetch/issues
isstream,0.1.2,MIT,https://github.com/rvagg/isstream
istanbul-api,1.3.1,New BSD,https://github.com/istanbuljs/istanbuljs#readme
istanbul-lib-coverage,1.2.0,New BSD,https://github.com/istanbuljs/istanbuljs
istanbul-lib-hook,1.2.1,New BSD,https://github.com/istanbuljs/istanbuljs#readme
istanbul-lib-instrument,1.10.1,New BSD,https://github.com/istanbuljs/istanbuljs
istanbul-lib-report,1.1.4,New BSD,https://github.com/istanbuljs/istanbuljs
istanbul-lib-source-maps,1.2.3,New BSD,https://github.com/istanbuljs/istanbuljs#readme
istanbul-lib-source-maps,1.2.5,New BSD,https://github.com/istanbuljs/istanbuljs#readme
istanbul-reports,1.3.0,New BSD,https://github.com/istanbuljs/istanbuljs
jbuilder,2.7.0,MIT,https://github.com/rails/jbuilder
jest,22.4.4,MIT,http://facebook.github.io/jest/
jest-changed-files,22.4.3,MIT,Unknown
jest-cli,22.4.4,MIT,http://facebook.github.io/jest/
jest-config,22.4.4,MIT,Unknown
jest-diff,22.4.3,MIT,Unknown
jest-docblock,21.2.0,MIT,Unknown
jest-docblock,22.4.3,MIT,Unknown
jest-environment-jsdom,22.4.3,MIT,Unknown
jest-environment-node,22.4.3,MIT,Unknown
jest-get-type,22.4.3,MIT,Unknown
jest-haste-map,22.4.3,MIT,Unknown
jest-jasmine2,22.4.4,MIT,Unknown
jest-leak-detector,22.4.3,MIT,Unknown
jest-matcher-utils,22.4.3,MIT,Unknown
jest-message-util,22.4.3,MIT,Unknown
jest-mock,22.4.3,MIT,Unknown
jest-regex-util,22.4.3,MIT,Unknown
jest-resolve,22.4.3,MIT,Unknown
jest-resolve-dependencies,22.4.3,MIT,Unknown
jest-runner,22.4.4,MIT,Unknown
jest-runtime,22.4.4,MIT,Unknown
jest-serializer,22.4.3,MIT,Unknown
jest-snapshot,22.4.3,MIT,Unknown
jest-util,22.4.3,MIT,Unknown
jest-validate,22.4.4,MIT,Unknown
jest-worker,22.4.3,MIT,Unknown
js-base64,2.4.8,New BSD,Unknown
js-tokens,3.0.2,MIT,Unknown
js-tokens,4.0.0,MIT,Unknown
js-yaml,3.12.0,MIT,https://github.com/nodeca/js-yaml
js-yaml,3.7.0,MIT,https://github.com/nodeca/js-yaml
jsbn,0.1.1,MIT,Unknown
jsdom,11.11.0,MIT,Unknown
jsesc,0.5.0,MIT,http://mths.be/jsesc
jsesc,1.3.0,MIT,https://mths.be/jsesc
jsesc,2.5.1,MIT,https://mths.be/jsesc
json,2.1.0,ruby,http://flori.github.com/json
json-loader,0.5.7,MIT,Unknown
json-parse-better-errors,1.0.2,MIT,Unknown
json-schema,0.2.3,BSD*,Unknown
json-schema-traverse,0.3.1,MIT,https://github.com/epoberezkin/json-schema-traverse#readme
json-schema-traverse,0.4.1,MIT,https://github.com/epoberezkin/json-schema-traverse#readme
json-stable-stringify,1.0.1,MIT,https://github.com/substack/json-stable-stringify
json-stable-stringify-without-jsonify,1.0.1,MIT,https://github.com/samn/json-stable-stringify
json-stringify-safe,5.0.1,ISC,https://github.com/isaacs/json-stringify-safe
json3,3.3.2,MIT,http://bestiejs.github.io/json3
json5,0.5.1,MIT,http://json5.org/
jsonfile,2.4.0,MIT,Unknown
jsonify,0.0.0,Public Domain,http://crockford.com/
jsonpointer,4.0.1,MIT,Unknown
jsprim,1.4.1,MIT,Unknown
jsx-ast-utils,2.0.1,MIT,Unknown
keycode,2.2.0,MIT,https://github.com/timoxley/keycode
killable,1.0.0,ISC,Unknown
kind-of,3.2.2,MIT,https://github.com/jonschlinkert/kind-of
kind-of,4.0.0,MIT,https://github.com/jonschlinkert/kind-of
kind-of,5.1.0,MIT,https://github.com/jonschlinkert/kind-of
kind-of,6.0.2,MIT,https://github.com/jonschlinkert/kind-of
klaw,1.3.1,MIT,https://github.com/jprichardson/node-klaw#readme
known-css-properties,0.5.0,MIT,https://github.com/betit/known-css-properties#readme
last-call-webpack-plugin,2.1.2,MIT,http://github.com/NMFR/last-call-webpack-plugin
lazy-cache,1.0.4,MIT,https://github.com/jonschlinkert/lazy-cache
lcid,1.0.0,MIT,sindresorhus.com
left-pad,1.3.0,WTFPL,Unknown
leven,2.1.0,MIT,sindresorhus.com
levn,0.3.0,MIT,https://github.com/gkz/levn
license-checker,16.0.0,New BSD,Unknown
listen,3.1.5,MIT,https://github.com/guard/listen
load-json-file,1.1.0,MIT,sindresorhus.com
load-json-file,2.0.0,MIT,sindresorhus.com
load-json-file,4.0.0,MIT,sindresorhus.com
loader-fs-cache,1.0.1,ISC,Unknown
loader-runner,2.3.0,MIT,https://github.com/webpack/loader-runner#readme
loader-utils,1.1.0,MIT,Unknown
locate-path,2.0.0,MIT,sindresorhus.com
lodash,4.17.10,MIT,https://lodash.com/
lodash-es,4.17.10,MIT,https://lodash.com/custom-builds
lodash._reinterpolate,3.0.0,MIT,https://lodash.com/
lodash.assign,4.2.0,MIT,https://lodash.com/
lodash.camelcase,4.3.0,MIT,https://lodash.com/
lodash.clonedeep,4.5.0,MIT,https://lodash.com/
lodash.debounce,4.0.8,MIT,https://lodash.com/
lodash.flattendeep,4.4.0,MIT,https://lodash.com/
lodash.get,4.4.2,MIT,https://lodash.com/
lodash.memoize,4.1.2,MIT,https://lodash.com/
lodash.mergewith,4.6.1,MIT,https://lodash.com/
lodash.sortby,4.7.0,MIT,https://lodash.com/
lodash.tail,4.1.1,MIT,https://lodash.com/
lodash.template,4.4.0,MIT,https://lodash.com/
lodash.templatesettings,4.1.0,MIT,https://lodash.com/
lodash.uniq,4.5.0,MIT,https://lodash.com/
log-symbols,2.2.0,MIT,sindresorhus.com
loglevel,1.6.1,MIT,https://github.com/pimterry/loglevel
longest,1.0.1,MIT,https://github.com/jonschlinkert/longest
longest-streak,2.0.2,MIT,http://wooorm.com
loofah,2.2.2,MIT,https://github.com/flavorjones/loofah
loose-envify,1.4.0,MIT,https://github.com/zertosh/loose-envify
loud-rejection,1.6.0,MIT,sindresorhus.com
lru-cache,4.1.3,ISC,Unknown
ltcdr,2.2.1,MIT,Unknown
luxon,1.3.3,MIT,Unknown
mail,2.7.0,MIT,https://github.com/mikel/mail
make-dir,1.3.0,MIT,sindresorhus.com
makeerror,1.0.11,New BSD,Unknown
map-cache,0.2.2,MIT,https://github.com/jonschlinkert/map-cache
map-obj,1.0.1,MIT,sindresorhus.com
map-obj,2.0.0,MIT,sindresorhus.com
map-stream,0.1.0,UNKNOWN,http://github.com/dominictarr/map-stream
map-visit,1.0.0,MIT,https://github.com/jonschlinkert/map-visit
markdown-escapes,1.0.2,MIT,http://wooorm.com
markdown-table,1.1.2,MIT,http://wooorm.com
math-expression-evaluator,1.2.17,MIT,https://github.com/redhivesoftware/math-expression-evaluator#readme
math-random,1.0.1,MIT,https://github.com/michaelrhodes/math-random
mathml-tag-names,2.1.0,MIT,http://wooorm.com
md5.js,1.3.4,MIT,https://github.com/crypto-browserify/md5.js
mdast-util-compact,1.0.1,MIT,http://wooorm.com
media-typer,0.3.0,MIT,Unknown
mem,1.1.0,MIT,sindresorhus.com
memory-fs,0.4.1,MIT,https://github.com/webpack/memory-fs
memorystream,0.3.1,MIT,https://github.com/JSBizon/node-memorystream
meow,3.7.0,MIT,sindresorhus.com
meow,4.0.1,MIT,sindresorhus.com
merge,1.2.0,MIT,https://github.com/yeikos/js.merge
merge-descriptors,1.0.1,MIT,http://jongleberry.com
merge-stream,1.0.1,MIT,Unknown
method_source,0.9.0,MIT,http://banisterfiend.wordpress.com
methods,1.1.2,MIT,Unknown
micromatch,2.3.11,MIT,https://github.com/jonschlinkert/micromatch
micromatch,3.1.10,MIT,https://github.com/micromatch/micromatch
miller-rabin,4.0.1,MIT,https://github.com/indutny/miller-rabin
mime,1.4.1,MIT,http://github.com/broofa
mime,1.6.0,MIT,http://github.com/broofa
mime-db,1.35.0,MIT,Unknown
mime-types,2.1.19,MIT,Unknown
mimic-fn,1.2.0,MIT,sindresorhus.com
mini_mime,1.0.0,MIT,https://github.com/discourse/mini_mime
mini_portile2,2.3.0,MIT,http://github.com/flavorjones/mini_portile
minimalistic-assert,1.0.1,ISC,https://github.com/calvinmetcalf/minimalistic-assert
minimalistic-crypto-utils,1.0.1,MIT,https://github.com/indutny/minimalistic-crypto-utils#readme
minimatch,3.0.4,ISC,http://blog.izs.me
minimist,0.0.10,MIT,https://github.com/substack/minimist
minimist,0.0.8,MIT,https://github.com/substack/minimist
minimist,1.1.3,MIT,https://github.com/substack/minimist
minimist,1.2.0,MIT,https://github.com/substack/minimist
minimist-options,3.0.2,MIT,Unknown
minipass,2.3.3,ISC,http://blog.izs.me/
minitest,5.11.3,MIT,https://github.com/seattlerb/minitest
minizlib,1.1.0,MIT,http://blog.izs.me/
mississippi,2.0.0,Simplified BSD,https://github.com/maxogden/mississippi#readme
mixin-deep,1.3.1,MIT,https://github.com/jonschlinkert/mixin-deep
mixin-object,2.0.1,MIT,https://github.com/jonschlinkert/mixin-object
mkdirp,0.3.5,MIT,http://substack.net
mkdirp,0.5.1,MIT,http://substack.net
moment,2.21.0,MIT,http://momentjs.com/
moo,0.4.3,New BSD,Unknown
move-concurrently,1.0.1,ISC,https://www.npmjs.com/package/move-concurrently
ms,2.0.0,MIT,Unknown
ms,2.1.1,MIT,Unknown
multi_json,1.13.1,MIT,http://github.com/intridea/multi_json
multicast-dns,6.2.3,MIT,https://github.com/mafintosh/multicast-dns
multicast-dns-service-types,1.1.0,MIT,https://github.com/mafintosh/multicast-dns-service-types
multipart-post,2.0.0,MIT,https://github.com/nicksieger/multipart-post
mute-stream,0.0.5,ISC,http://blog.izs.me/
mute-stream,0.0.7,ISC,http://blog.izs.me/
nan,2.10.0,MIT,Unknown
nanomatch,1.2.13,MIT,https://github.com/micromatch/nanomatch
natural-compare,1.4.0,MIT,https://github.com/litejs/natural-compare-lite
nearley,2.15.0,MIT,Unknown
needle,2.2.1,MIT,Unknown
negotiator,0.6.1,MIT,Unknown
neo-async,2.5.1,MIT,https://github.com/suguru03/neo-async
next-tick,1.0.0,MIT,http://www.medikoo.com/
nice-try,1.0.4,MIT,https://github.com/electerious/nice-try
nio4r,2.3.0,MIT,https://github.com/socketry/nio4r
node-fetch,1.7.3,MIT,https://github.com/bitinn/node-fetch
node-forge,0.7.5,(BSD-3-Clause OR GPL-2.0),https://github.com/digitalbazaar/forge
node-gyp,3.7.0,MIT,http://tootallnate.net
node-int64,0.4.0,MIT,Unknown
node-libs-browser,2.1.0,MIT,http://github.com/webpack/node-libs-browser
node-notifier,5.2.1,MIT,https://github.com/mikaelbr/node-notifier#readme
node-pre-gyp,0.10.3,New BSD,Unknown
node-sass,4.9.2,MIT,https://github.com/sass/node-sass
nokogiri,1.8.2,MIT,http://nokogiri.org
nomnom,1.6.2,MIT,Unknown
noms,0.0.0,ISC,Unknown
nopt,2.2.1,MIT,http://blog.izs.me/
nopt,3.0.6,ISC,http://blog.izs.me/
nopt,4.0.1,ISC,http://blog.izs.me/
normalize-package-data,2.4.0,Simplified BSD,Unknown
normalize-path,2.1.1,MIT,https://github.com/jonschlinkert/normalize-path
normalize-range,0.1.2,MIT,github.com/jamestalmage
normalize-selector,0.2.0,MIT,http://github.com/getify/normalize-selector
normalize-url,1.9.1,MIT,sindresorhus.com
npm-bundled,1.0.3,ISC,http://blog.izs.me/
npm-packlist,1.1.10,ISC,https://www.npmjs.com/package/npm-packlist
npm-run-all,4.1.3,MIT,https://github.com/mysticatea/npm-run-all
npm-run-path,2.0.2,MIT,sindresorhus.com
npmlog,4.1.2,ISC,http://blog.izs.me/
nth-check,1.0.1,BSD,https://github.com/fb55/nth-check
num2fraction,1.2.2,MIT,http://iyunlu.com/view
number-is-nan,1.0.1,MIT,sindresorhus.com
nwsapi,2.0.6,MIT,http://javascript.nwbox.com/nwsapi/
oauth-sign,0.8.2,Apache 2.0,http://www.futurealoof.com
object-assign,3.0.0,MIT,http://sindresorhus.com
object-assign,4.1.1,MIT,sindresorhus.com
object-copy,0.1.0,MIT,https://github.com/jonschlinkert/object-copy
object-hash,1.3.0,MIT,https://github.com/puleos/object-hash
object-inspect,1.6.0,MIT,https://github.com/substack/object-inspect
object-is,1.0.1,MIT,https://github.com/ljharb/object-is
object-keys,1.0.12,MIT,http://ljharb.codes
object-visit,1.0.1,MIT,https://github.com/jonschlinkert/object-visit
object.assign,4.1.0,MIT,Unknown
object.entries,1.0.4,MIT,Unknown
object.getownpropertydescriptors,2.0.3,MIT,Unknown
object.omit,2.0.1,MIT,https://github.com/jonschlinkert/object.omit
object.pick,1.3.0,MIT,https://github.com/jonschlinkert/object.pick
object.values,1.0.4,MIT,Unknown
obuf,1.1.2,MIT,https://github.com/indutny/offset-buffer
on-finished,2.3.0,MIT,Unknown
on-headers,1.0.1,MIT,Unknown
once,1.4.0,ISC,http://blog.izs.me/
onecolor,3.0.5,Simplified BSD,Unknown
onetime,1.1.0,MIT,sindresorhus.com
onetime,2.0.1,MIT,sindresorhus.com
opn,5.3.0,MIT,sindresorhus.com
optimist,0.6.1,MIT,http://substack.net
optimize-css-assets-webpack-plugin,3.2.0,MIT,http://github.com/NMFR/optimize-css-assets-webpack-plugin
optionator,0.8.2,MIT,https://github.com/gkz/optionator
original,1.0.1,MIT,Unknown
os-browserify,0.3.0,MIT,Unknown
os-homedir,1.0.2,MIT,sindresorhus.com
os-locale,1.4.0,MIT,sindresorhus.com
os-locale,2.1.0,MIT,sindresorhus.com
os-tmpdir,1.0.2,MIT,sindresorhus.com
osenv,0.1.5,ISC,http://blog.izs.me/
p-finally,1.0.0,MIT,sindresorhus.com
p-limit,1.3.0,MIT,sindresorhus.com
p-locate,2.0.0,MIT,sindresorhus.com
p-map,1.2.0,MIT,sindresorhus.com
p-try,1.0.0,MIT,sindresorhus.com
pako,1.0.6,(MIT AND Zlib),https://github.com/nodeca/pako
parallel,1.12.1,MIT,https://github.com/grosser/parallel
parallel-transform,1.1.0,MIT,Unknown
parse-asn1,5.1.1,ISC,Unknown
parse-entities,1.1.2,MIT,http://wooorm.com
parse-glob,3.0.4,MIT,https://github.com/jonschlinkert/parse-glob
parse-json,2.2.0,MIT,sindresorhus.com
parse-json,3.0.0,MIT,sindresorhus.com
parse-json,4.0.0,MIT,sindresorhus.com
parse5,3.0.3,MIT,https://github.com/inikulin/parse5
parse5,4.0.0,MIT,https://github.com/inikulin/parse5
parser,2.5.1.0,MIT,https://github.com/whitequark/parser
parseurl,1.3.2,MIT,Unknown
pascalcase,0.1.1,MIT,https://github.com/jonschlinkert/pascalcase
path-browserify,0.0.0,MIT,https://github.com/substack/path-browserify
path-complete-extname,1.0.0,MIT,https://github.com/ruyadorno/path-complete-extname
path-dirname,1.0.2,MIT,Unknown
path-exists,2.1.0,MIT,sindresorhus.com
path-exists,3.0.0,MIT,sindresorhus.com
path-is-absolute,1.0.1,MIT,sindresorhus.com
path-is-inside,1.0.2,(WTFPL OR MIT),https://domenic.me
path-key,2.0.1,MIT,sindresorhus.com
path-parse,1.0.5,MIT,https://github.com/jbgutierrez/path-parse#readme
path-to-regexp,0.1.7,MIT,Unknown
path-to-regexp,1.7.0,MIT,Unknown
path-type,1.1.0,MIT,sindresorhus.com
path-type,2.0.0,MIT,sindresorhus.com
path-type,3.0.0,MIT,sindresorhus.com
pause-stream,0.0.11,Apache 2.0,dominictarr.com
pbkdf2,3.0.16,MIT,https://github.com/crypto-browserify/pbkdf2
performance-now,0.2.0,MIT,https://github.com/meryn/performance-now
performance-now,2.1.0,MIT,https://github.com/braveg1rl/performance-now
pify,2.3.0,MIT,sindresorhus.com
pify,3.0.0,MIT,sindresorhus.com
pinkie,2.0.4,MIT,github.com/floatdrop
pinkie-promise,2.0.1,MIT,github.com/floatdrop
pixrem,4.0.1,MIT,https://github.com/robwierzbowski/node-pixrem
pkg-dir,1.0.0,MIT,sindresorhus.com
pkg-dir,2.0.0,MIT,sindresorhus.com
pleeease-filters,4.0.0,MIT*,Unknown
pluralize,1.2.1,MIT,http://blakeembrey.me
pluralize,7.0.0,MIT,http://blakeembrey.me
pn,1.1.0,MIT,Unknown
popper_js,1.12.9,MIT,https://github.com/glebm/popper_js-rubygem
portfinder,1.0.13,MIT,Unknown
posix-character-classes,0.1.1,MIT,https://github.com/jonschlinkert/posix-character-classes
postcss,5.2.18,MIT,http://postcss.org/
postcss,6.0.23,MIT,https://postcss.org/
postcss-apply,0.8.0,Unlicense,https://github.com/pascalduez/postcss-apply
postcss-attribute-case-insensitive,2.0.0,MIT,https://github.com/Semigradsky/postcss-attribute-case-insensitive#readme
postcss-calc,5.3.1,MIT,Unknown
postcss-calc,6.0.1,MIT,Unknown
postcss-color-function,4.0.1,MIT,Unknown
postcss-color-gray,4.1.0,ISC,https://github.com/shinnn
postcss-color-hex-alpha,3.0.0,MIT,Unknown
postcss-color-hsl,2.0.0,MIT,https://github.com/dmarchena/postcss-color-hsl
postcss-color-hwb,3.0.0,MIT,Unknown
postcss-color-rebeccapurple,3.1.0,MIT,Unknown
postcss-color-rgb,2.0.0,MIT,https://github.com/dmarchena/postcss-color-rgb
postcss-color-rgba-fallback,3.0.0,MIT,Unknown
postcss-colormin,2.2.2,MIT,https://github.com/ben-eb/postcss-colormin
postcss-convert-values,2.6.1,MIT,https://github.com/ben-eb/postcss-convert-values
postcss-cssnext,3.1.0,MIT,http://cssnext.io/
postcss-custom-media,6.0.0,MIT,Unknown
postcss-custom-properties,6.3.1,MIT,Unknown
postcss-custom-selectors,4.0.1,MIT,Unknown
postcss-discard-comments,2.0.4,MIT,https://github.com/ben-eb/postcss-discard-comments
postcss-discard-duplicates,2.1.0,MIT,https://github.com/ben-eb/postcss-discard-duplicates
postcss-discard-empty,2.1.0,MIT,https://github.com/ben-eb/postcss-discard-empty
postcss-discard-overridden,0.1.1,MIT,https://github.com/Justineo/postcss-discard-overridden
postcss-discard-unused,2.2.3,MIT,https://github.com/ben-eb/postcss-discard-unused
postcss-filter-plugins,2.0.3,MIT,https://github.com/postcss/postcss-filter-plugins
postcss-font-family-system-ui,3.0.0,CC0-1.0,https://github.com/JLHwung/postcss-font-family-system-ui#readme
postcss-font-variant,3.0.0,MIT,Unknown
postcss-html,0.12.0,MIT,https://github.com/gucong3000/postcss-html#readme
postcss-image-set-polyfill,0.3.5,MIT,Unknown
postcss-import,11.1.0,MIT,Unknown
postcss-initial,2.0.0,MIT,Unknown
postcss-less,1.1.5,MIT,Unknown
postcss-load-config,2.0.0,MIT,https://github.com/michael-ciniawsky/postcss-load-config#readme
postcss-loader,2.1.6,MIT,https://github.com/postcss/postcss-loader#readme
postcss-media-minmax,3.0.0,MIT,Unknown
postcss-media-query-parser,0.2.3,MIT,https://github.com/dryoma/postcss-media-query-parser
postcss-merge-idents,2.1.7,MIT,https://github.com/ben-eb/postcss-merge-idents
postcss-merge-longhand,2.0.2,MIT,https://github.com/ben-eb/postcss-merge-longhand
postcss-merge-rules,2.1.2,MIT,https://github.com/ben-eb/postcss-merge-rules
postcss-message-helpers,2.0.0,MIT,Unknown
postcss-minify-font-values,1.0.5,MIT,https://github.com/TrySound/postcss-minify-font-values
postcss-minify-gradients,1.0.5,MIT,https://github.com/ben-eb/postcss-minify-gradients
postcss-minify-params,1.2.2,MIT,https://github.com/ben-eb/postcss-minify-params
postcss-minify-selectors,2.1.1,MIT,https://github.com/ben-eb/postcss-minify-selectors
postcss-modules-extract-imports,1.2.0,ISC,https://github.com/css-modules/postcss-modules-extract-imports
postcss-modules-local-by-default,1.2.0,MIT,Unknown
postcss-modules-scope,1.1.0,ISC,https://github.com/css-modules/postcss-modules-scope
postcss-modules-values,1.3.0,ISC,https://github.com/css-modules/postcss-modules-values#readme
postcss-nesting,4.2.1,CC0-1.0,https://github.com/jonathantneal/postcss-nesting#readme
postcss-normalize-charset,1.1.1,MIT,https://github.com/ben-eb/postcss-charset
postcss-normalize-url,3.0.8,MIT,https://github.com/ben-eb/postcss-normalize-url
postcss-ordered-values,2.2.3,MIT,https://github.com/ben-eb/postcss-ordered-values
postcss-pseudo-class-any-link,4.0.0,CC0-1.0,https://github.com/jonathantneal/postcss-pseudo-class-any-link#readme
postcss-pseudoelements,5.0.0,MIT,https://github.com/axa-ch/postcss-pseudoelements
postcss-reduce-idents,2.4.0,MIT,https://github.com/ben-eb/postcss-reduce-idents
postcss-reduce-initial,1.0.1,MIT,https://github.com/ben-eb/postcss-reduce-initial
postcss-reduce-transforms,1.0.4,MIT,https://github.com/ben-eb/postcss-reduce-transforms
postcss-replace-overflow-wrap,2.0.0,MIT,https://github.com/MattDiMu/postcss-replace-overflow-wrap
postcss-reporter,5.0.0,MIT,https://github.com/postcss/postcss-reporter
postcss-resolve-nested-selector,0.1.1,MIT,Unknown
postcss-safe-parser,3.0.1,MIT,Unknown
postcss-sass,0.2.0,MIT,https://github.com/AleshaOleg/postcss-sass
postcss-scss,1.0.6,MIT,Unknown
postcss-selector-matches,3.0.1,MIT,Unknown
postcss-selector-not,3.0.1,MIT,Unknown
postcss-selector-parser,2.2.3,MIT,https://github.com/postcss/postcss-selector-parser
postcss-selector-parser,3.1.1,MIT,https://github.com/postcss/postcss-selector-parser
postcss-svgo,2.1.6,MIT,https://github.com/ben-eb/postcss-svgo
postcss-unique-selectors,2.0.2,MIT,https://github.com/ben-eb/postcss-unique-selectors
postcss-value-parser,3.3.0,MIT,https://github.com/TrySound/postcss-value-parser
postcss-values-parser,1.5.0,MIT,shellscape
postcss-zindex,2.2.0,MIT,https://github.com/ben-eb/postcss-zindex
powerpack,0.1.1,MIT,https://github.com/bbatsov/powerpack
prelude-ls,1.1.2,MIT,http://preludels.com/
prepend-http,1.0.4,MIT,sindresorhus.com
preserve,0.2.0,MIT,https://github.com/jonschlinkert/preserve
prettier,1.13.7,MIT,https://prettier.io/
pretty-format,22.4.3,MIT,Unknown
private,0.1.8,MIT,http://github.com/benjamn/private
process,0.11.10,MIT,Unknown
process-nextick-args,2.0.0,MIT,https://github.com/calvinmetcalf/process-nextick-args
progress,1.1.8,MIT,Unknown
progress,2.0.0,MIT,Unknown
promise,7.3.1,MIT,Unknown
promise-inflight,1.0.1,ISC,https://github.com/iarna/promise-inflight#readme
prop-types,15.6.2,MIT,https://facebook.github.io/react/
prop-types-extra,1.1.0,MIT,https://github.com/react-bootstrap/prop-types-extra#readme
proxy-addr,2.0.3,MIT,Unknown
prr,1.0.1,MIT,https://github.com/rvagg/prr
pry,0.11.3,MIT,http://pryrepl.org
pry-byebug,3.6.0,MIT,https://github.com/deivid-rodriguez/pry-byebug
ps-tree,1.1.0,MIT,http://github.com/indexzero/ps-tree
pseudomap,1.0.2,ISC,https://github.com/isaacs/pseudomap#readme
psl,1.1.28,MIT,Unknown
public-encrypt,4.0.2,MIT,https://github.com/crypto-browserify/publicEncrypt
public_suffix,3.0.2,MIT,https://simonecarletti.com/code/publicsuffix-ruby
puma,3.11.4,New BSD,http://puma.io
pump,2.0.1,MIT,Unknown
pumpify,1.5.1,MIT,https://github.com/mafintosh/pumpify
punycode,1.3.2,MIT,https://mths.be/punycode
punycode,1.4.1,MIT,https://mths.be/punycode
punycode,2.1.1,MIT,https://mths.be/punycode
q,1.5.1,MIT,https://github.com/kriskowal/q
qs,6.4.0,New BSD,https://github.com/ljharb/qs
qs,6.5.1,New BSD,https://github.com/ljharb/qs
qs,6.5.2,New BSD,https://github.com/ljharb/qs
query-string,4.3.4,MIT,sindresorhus.com
querystring,0.2.0,MIT,Unknown
querystring-es3,0.2.1,MIT,Unknown
querystringify,2.0.0,MIT,https://github.com/unshiftio/querystringify
quick-lru,1.1.0,MIT,sindresorhus.com
rack,2.0.5,MIT,https://rack.github.io/
rack-proxy,0.6.4,MIT,https://github.com/ncr/rack-proxy
rack-test,1.0.0,MIT,http://github.com/rack-test/rack-test
raf,3.4.0,MIT,Unknown
railroad-diagrams,1.0.0,CC0-1.0,https://github.com/tabatkins/railroad-diagrams
rails,5.1.6,MIT,http://rubyonrails.org
rails-controller-testing,1.0.2,MIT,https://github.com/rails/rails-controller-testing
rails-dom-testing,2.0.3,MIT,https://github.com/rails/rails-dom-testing
rails-html-sanitizer,1.0.4,MIT,https://github.com/rails/rails-html-sanitizer
railties,5.1.6,MIT,http://rubyonrails.org
rainbow,3.0.0,MIT,https://github.com/sickill/rainbow
rake,12.3.1,MIT,https://github.com/ruby/rake
randexp,0.4.6,MIT,http://fent.github.io/randexp.js/
randomatic,3.0.0,MIT,https://github.com/jonschlinkert/randomatic
randombytes,2.0.6,MIT,https://github.com/crypto-browserify/randombytes
randomfill,1.0.4,MIT,https://github.com/crypto-browserify/randomfill
range-parser,1.2.0,MIT,http://tjholowaychuk.com
raw-body,2.3.2,MIT,http://jongleberry.com
rb-fsevent,0.10.3,MIT,http://rubygems.org/gems/rb-fsevent
rb-inotify,0.9.10,MIT,https://github.com/guard/rb-inotify
rc,1.2.8,(BSD-2-Clause OR MIT OR Apache-2.0),dominictarr.com
react,16.4.1,MIT,https://reactjs.org/
react-autosuggest,9.3.4,MIT,Unknown
react-autowhatever,10.1.2,MIT,Unknown
react-bootstrap,0.32.1,MIT,https://react-bootstrap.github.io/
react-bootstrap-table,4.3.1,MIT,Unknown
react-datetime,2.14.0,MIT,https://github.com/YouCanBookMe/react-datetime
react-dom,16.4.1,MIT,https://reactjs.org/
react-input-autosize,2.2.1,MIT,Unknown
react-is,16.4.1,MIT,https://reactjs.org/
react-lifecycles-compat,3.0.4,MIT,Unknown
react-modal,3.5.1,MIT,https://github.com/reactjs/react-modal
react-onclickoutside,6.7.1,MIT,https://github.com/Pomax/react-onclickoutside
react-overlays,0.8.3,MIT,Unknown
react-prop-types,0.4.0,MIT,https://github.com/react-bootstrap/react-prop-types#readme
react-reconciler,0.7.0,MIT,https://facebook.github.io/react/
react-redux,5.0.7,MIT,https://github.com/gaearon/react-redux
react-router,4.3.1,MIT,Unknown
react-router-dom,4.3.1,MIT,Unknown
react-router-redux,4.0.8,MIT,Unknown
react-s-alert,1.4.1,MIT,https://github.com/juliancwirko/react-s-alert
react-select,1.2.1,MIT,Unknown
react-table,6.8.6,MIT,https://github.com/react-tools/react-table#readme
react-test-renderer,16.4.1,MIT,https://reactjs.org/
react-themeable,1.1.0,MIT,https://github.com/markdalgleish/react-themeable#readme
react-transition-group,2.4.0,New BSD,https://github.com/reactjs/react-transition-group#readme
react-wood-duck,0.1.79,AGPL-3.0,https://github.com/ca-cwds/react-wood-duck
read-cache,1.0.0,MIT,https://github.com/TrySound/read-cache#readme
read-installed,4.0.3,ISC,http://blog.izs.me/
read-package-json,2.0.13,ISC,http://blog.izs.me/
read-pkg,1.1.0,MIT,sindresorhus.com
read-pkg,2.0.0,MIT,sindresorhus.com
read-pkg,3.0.0,MIT,sindresorhus.com
read-pkg-up,1.0.1,MIT,sindresorhus.com
read-pkg-up,2.0.0,MIT,sindresorhus.com
read-pkg-up,3.0.0,MIT,sindresorhus.com
readable-stream,1.0.34,MIT,http://blog.izs.me/
readable-stream,2.3.6,MIT,Unknown
readdir-scoped-modules,1.0.2,ISC,https://github.com/npm/readdir-scoped-modules
readdirp,2.1.0,MIT,https://github.com/thlorenz/readdirp
readline2,1.0.1,MIT,Unknown
realpath-native,1.0.1,MIT,Unknown
rechoir,0.6.2,MIT,https://github.com/tkellen/node-rechoir
redent,1.0.0,MIT,sindresorhus.com
redent,2.0.0,MIT,sindresorhus.com
redis,4.0.2,MIT,https://github.com/redis/redis-rb
redis-actionpack,5.0.2,MIT,http://redis-store.org/redis-actionpack
redis-activesupport,5.0.7,MIT,http://redis-store.org/redis-activesupport
redis-rack,2.0.4,MIT,http://redis-store.org/redis-rack
redis-rails,5.0.2,MIT,http://redis-store.org/redis-rails
redis-store,1.5.0,MIT,http://redis-store.org/redis-store
reduce-css-calc,1.3.0,MIT,Unknown
reduce-css-calc,2.1.4,MIT,Unknown
reduce-function-call,1.0.2,MIT,Unknown
redux,4.0.0,MIT,http://redux.js.org/
redux-devtools-extension,2.13.5,MIT,https://github.com/zalmoxisus/redux-devtools-extension
redux-immutable,4.0.0,New BSD,http://gajus.com
redux-saga,0.16.0,MIT,https://redux-saga.js.org/
regenerate,1.4.0,MIT,https://mths.be/regenerate
regenerator-runtime,0.10.5,MIT,Unknown
regenerator-runtime,0.11.1,MIT,Unknown
regenerator-transform,0.10.1,BSD,Unknown
regex-cache,0.4.4,MIT,https://github.com/jonschlinkert/regex-cache
regex-not,1.0.2,MIT,https://github.com/jonschlinkert/regex-not
regexpp,1.1.0,MIT,https://github.com/mysticatea/regexpp#readme
regexpu-core,1.0.0,MIT,https://mths.be/regexpu
regexpu-core,2.0.0,MIT,https://mths.be/regexpu
regjsgen,0.2.0,MIT,https://github.com/d10/regjsgen
regjsparser,0.1.5,Simplified BSD,https://github.com/jviereck/regjsparser
remark,8.0.0,MIT,http://remark.js.org/
remark-parse,4.0.0,MIT,http://remark.js.org/
remark-stringify,4.0.0,MIT,http://remark.js.org/
remove-trailing-separator,1.1.0,ISC,https://github.com/darsain/remove-trailing-separator#readme
repeat-element,1.1.2,MIT,https://github.com/jonschlinkert/repeat-element
repeat-string,1.6.1,MIT,https://github.com/jonschlinkert/repeat-string
repeating,2.0.1,MIT,sindresorhus.com
replace-ext,1.0.0,MIT,http://gulpjs.com/
request,2.81.0,Apache 2.0,Unknown
request,2.87.0,Apache 2.0,Unknown
request-promise-core,1.1.1,ISC,https://github.com/request/promise-core#readme
request-promise-native,1.0.5,ISC,https://github.com/request/request-promise-native#readme
require-directory,2.1.1,MIT,https://github.com/troygoode/node-require-directory/
require-from-string,2.0.2,MIT,github.com/floatdrop
require-main-filename,1.0.1,ISC,https://github.com/yargs/require-main-filename#readme
require-uncached,1.0.3,MIT,sindresorhus.com
requires-port,1.0.0,MIT,https://github.com/unshiftio/requires-port
resolve,1.1.7,MIT,http://substack.net
resolve,1.8.1,MIT,http://substack.net
resolve-cwd,2.0.0,MIT,sindresorhus.com
resolve-from,1.0.1,MIT,sindresorhus.com
resolve-from,3.0.0,MIT,sindresorhus.com
resolve-from,4.0.0,MIT,sindresorhus.com
resolve-pathname,2.2.0,MIT,Unknown
resolve-url,0.2.1,MIT,Unknown
restore-cursor,1.0.1,MIT,http://sindresorhus.com
restore-cursor,2.0.0,MIT,sindresorhus.com
ret,0.1.15,MIT,https://github.com/fent
rgb,0.1.0,MIT (http://mootools.net/license.txt),http://mad4milk.net
rgb-hex,2.1.0,MIT,sindresorhus.com
right-align,0.1.3,MIT,https://github.com/jonschlinkert/right-align
rimraf,2.6.2,ISC,http://blog.izs.me/
ripemd160,2.0.2,MIT,Unknown
rspec,3.7.0,MIT,http://github.com/rspec
rspec-core,3.7.1,MIT,https://github.com/rspec/rspec-core
rspec-dry-struct,0.3.0,MIT,https://github.com/matic-insurance/rspec-dry-struct
rspec-expectations,3.7.0,MIT,https://github.com/rspec/rspec-expectations
rspec-mocks,3.7.0,MIT,https://github.com/rspec/rspec-mocks
rspec-rails,3.7.2,MIT,https://github.com/rspec/rspec-rails
rspec-support,3.7.1,MIT,https://github.com/rspec/rspec-support
rst-selector-parser,2.2.3,New BSD,http://gajus.com
rsvp,3.6.2,MIT,Unknown
rubocop,0.55.0,MIT,https://github.com/bbatsov/rubocop
ruby-progressbar,1.9.0,MIT,https://github.com/jfelchner/ruby-progressbar
ruby_dep,1.5.0,MIT,https://github.com/e2/ruby_dep
rubyzip,1.2.1,Simplified BSD,http://github.com/rubyzip/rubyzip
run-async,0.1.0,MIT,https://github.com/SBoudrias/run-async
run-async,2.3.0,MIT,Unknown
run-queue,1.0.3,ISC,https://npmjs.com/package/run-queue
rx-lite,3.1.2,Apache 2.0,https://github.com/Reactive-Extensions/RxJS
rx-lite,4.0.8,Apache 2.0,https://github.com/Reactive-Extensions/RxJS
rx-lite-aggregates,4.0.8,Apache 2.0,https://github.com/Reactive-Extensions/RxJS
safe-buffer,5.1.1,MIT,https://github.com/feross/safe-buffer
safe-buffer,5.1.2,MIT,https://github.com/feross/safe-buffer
safe-regex,1.1.0,MIT,https://github.com/substack/safe-regex
safer-buffer,2.1.2,MIT,https://github.com/ChALkeR
sane,2.5.2,MIT,https://github.com/amasad/sane
sass,3.5.6,MIT,http://sass-lang.com/
sass-graph,2.2.4,MIT,Unknown
sass-listen,4.0.0,MIT,https://github.com/sass/listen
sass-loader,6.0.7,MIT,https://github.com/webpack-contrib/sass-loader
sass-rails,5.0.7,MIT,https://github.com/rails/sass-rails
sax,1.2.4,ISC,http://blog.izs.me/
schema-utils,0.3.0,MIT,https://github.com/webpack-contrib/schema-utils#readme
schema-utils,0.4.5,MIT,https://github.com/webpack-contrib/schema-utils
scss-tokenizer,0.2.3,MIT,https://github.com/sasstools/scss-tokenizer
section-iterator,2.0.0,MIT,Unknown
select-hose,2.0.0,MIT,https://github.com/indutny/select-hose#readme
selenium-webdriver,3.11.0,Apache 2.0,https://github.com/seleniumhq/selenium
selfsigned,1.10.3,MIT,http://joseoncode.com
semver,5.3.0,ISC,Unknown
semver,5.5.0,ISC,Unknown
send,0.16.2,MIT,Unknown
serialize-javascript,1.5.0,New BSD,https://github.com/yahoo/serialize-javascript
serve-index,1.9.1,MIT,Unknown
serve-static,1.13.2,MIT,Unknown
set-blocking,2.0.0,ISC,https://github.com/yargs/set-blocking#readme
set-immediate-shim,1.0.1,MIT,sindresorhus.com
set-value,0.4.3,MIT,https://github.com/jonschlinkert/set-value
set-value,2.0.0,MIT,https://github.com/jonschlinkert/set-value
setimmediate,1.0.5,MIT,Unknown
setprototypeof,1.0.3,ISC,https://github.com/wesleytodd/setprototypeof
setprototypeof,1.1.0,ISC,https://github.com/wesleytodd/setprototypeof
sha.js,2.4.11,(MIT AND BSD-3-Clause),https://github.com/crypto-browserify/sha.js
shallow-clone,1.0.0,MIT,https://github.com/jonschlinkert/shallow-clone
shallow-equal,1.0.0,MIT,Unknown
shebang-command,1.2.0,MIT,github.com/kevva
shebang-regex,1.0.0,MIT,sindresorhus.com
shell-quote,1.6.1,MIT,http://substack.net
shelljs,0.7.8,New BSD,http://github.com/shelljs/shelljs
shellwords,0.1.1,MIT,https://github.com/jimmycuadra/shellwords
signal-exit,3.0.2,ISC,https://github.com/tapjs/signal-exit
simple-swizzle,0.2.2,MIT,http://github.com/qix-
simplecov,0.15.1,MIT,http://github.com/colszowka/simplecov
simplecov-html,0.10.2,MIT,https://github.com/colszowka/simplecov-html
slash,1.0.0,MIT,http://sindresorhus.com
slice-ansi,0.0.4,MIT,Unknown
slice-ansi,1.0.0,MIT,Unknown
slide,1.1.6,ISC,http://blog.izs.me/
snapdragon,0.8.2,MIT,https://github.com/jonschlinkert/snapdragon
snapdragon-node,2.1.1,MIT,https://github.com/jonschlinkert/snapdragon-node
snapdragon-util,3.0.1,MIT,https://github.com/jonschlinkert/snapdragon-util
sntp,1.0.9,SEE LICENSE IN LICENSE,http://hueniverse.com
sockjs,0.3.19,MIT,https://github.com/sockjs/sockjs-node
sockjs-client,1.1.4,MIT,http://sockjs.org/
sort-keys,1.1.2,MIT,sindresorhus.com
source-list-map,2.0.0,MIT,https://github.com/webpack/source-list-map
source-map,0.4.4,New BSD,https://github.com/mozilla/source-map
source-map,0.5.7,New BSD,https://github.com/mozilla/source-map
source-map,0.6.1,New BSD,https://github.com/mozilla/source-map
source-map-resolve,0.5.2,MIT,Unknown
source-map-support,0.4.18,MIT,Unknown
source-map-support,0.5.6,MIT,Unknown
source-map-url,0.4.0,MIT,Unknown
spdx,0.5.1,MIT,https://github.com/kemitchell/spdx.js
spdx-compare,0.1.2,MIT,https://kemitchell.com
spdx-correct,2.0.4,Apache 2.0,https://kemitchell.com
spdx-correct,3.0.0,Apache 2.0,https://kemitchell.com
spdx-exceptions,1.0.5,CC-BY-3.0,Unknown
spdx-exceptions,2.1.0,CC-BY-3.0,Unknown
spdx-expression-parse,1.0.4,(MIT AND CC-BY-3.0),http://kemitchell.com
spdx-expression-parse,2.0.2,MIT,http://kemitchell.com
spdx-expression-parse,3.0.0,MIT,http://kemitchell.com
spdx-license-ids,1.2.2,Unlicense,https://github.com/shinnn
spdx-license-ids,2.0.1,CC0-1.0,https://github.com/shinnn
spdx-license-ids,3.0.0,CC0-1.0,https://github.com/shinnn
spdx-ranges,1.0.1,CC-BY-3.0,Unknown
spdx-satisfies,0.1.3,MIT,https://kemitchell.com
spdy,3.4.7,MIT,https://github.com/indutny/node-spdy
spdy-transport,2.1.0,MIT,https://github.com/spdy-http2/spdy-transport
specificity,0.3.2,MIT,https://github.com/keeganstreet/specificity
split,0.3.3,MIT,http://github.com/dominictarr/split
split-string,3.1.0,MIT,https://github.com/jonschlinkert/split-string
spring,2.0.2,MIT,https://github.com/rails/spring
spring-watcher-listen,2.0.1,MIT,https://github.com/jonleighton/spring-watcher-listen
sprintf-js,1.0.3,New BSD,http://alexei.ro/
sprockets,3.7.2,MIT,https://github.com/rails/sprockets
sprockets-rails,3.2.1,MIT,https://github.com/rails/sprockets-rails
sqlite3,1.3.13,New BSD,https://github.com/sparklemotion/sqlite3-ruby
sshpk,1.14.2,MIT,https://github.com/arekinath/node-sshpk#readme
ssri,5.3.0,ISC,Unknown
stack-utils,1.0.1,MIT,github.com/jamestalmage
state-toggle,1.0.1,MIT,http://wooorm.com
static-extend,0.1.2,MIT,https://github.com/jonschlinkert/static-extend
statuses,1.4.0,MIT,Unknown
statuses,1.5.0,MIT,Unknown
stdout-stream,1.4.0,MIT,Unknown
stealthy-require,1.1.1,ISC,https://github.com/analog-nico/stealthy-require#readme
stream-browserify,2.0.1,MIT,https://github.com/substack/stream-browserify
stream-combiner,0.0.4,MIT,https://github.com/dominictarr/stream-combiner
stream-each,1.2.2,MIT,https://github.com/mafintosh/stream-each
stream-http,2.8.3,MIT,https://github.com/jhiesey/stream-http#readme
stream-shift,1.0.0,MIT,https://github.com/mafintosh/stream-shift
strict-uri-encode,1.1.0,MIT,github.com/kevva
string-length,2.0.0,MIT,sindresorhus.com
string-width,1.0.2,MIT,sindresorhus.com
string-width,2.1.1,MIT,sindresorhus.com
string.prototype.padend,3.0.0,MIT,Unknown
string_decoder,0.10.31,MIT,https://github.com/rvagg/string_decoder
string_decoder,1.1.1,MIT,https://github.com/nodejs/string_decoder
stringify-entities,1.3.2,MIT,http://wooorm.com
stringstream,0.0.6,MIT,http://github.com/mhart
strip-ansi,0.3.0,MIT,http://sindresorhus.com
strip-ansi,3.0.1,MIT,sindresorhus.com
strip-ansi,4.0.0,MIT,sindresorhus.com
strip-bom,2.0.0,MIT,sindresorhus.com
strip-bom,3.0.0,MIT,sindresorhus.com
strip-eof,1.0.0,MIT,sindresorhus.com
strip-indent,1.0.1,MIT,http://sindresorhus.com
strip-indent,2.0.0,MIT,sindresorhus.com
strip-json-comments,2.0.1,MIT,sindresorhus.com
style-loader,0.21.0,MIT,https://github.com/webpack-contrib/style-loader#readme
style-search,0.1.0,ISC,https://github.com/davidtheclark/style-search#readme
stylelint,8.4.0,MIT,https://stylelint.io/
stylelint-config-recommended,2.1.0,MIT,Unknown
stylelint-config-standard,18.2.0,MIT,Unknown
sugarss,1.0.1,MIT,Unknown
supports-color,0.2.0,MIT,http://sindresorhus.com
supports-color,2.0.0,MIT,sindresorhus.com
supports-color,3.2.3,MIT,sindresorhus.com
supports-color,4.5.0,MIT,sindresorhus.com
supports-color,5.4.0,MIT,sindresorhus.com
svg-tags,1.0.0,MIT,Unknown
svgo,0.7.2,MIT,https://github.com/svg/svgo
symbol-observable,1.2.0,MIT,Unknown
symbol-tree,3.2.2,MIT,https://github.com/jsdom/js-symbol-tree#symbol-tree
table,3.8.3,New BSD,http://gajus.com
table,4.0.2,New BSD,http://gajus.com
table,4.0.3,New BSD,http://gajus.com
tapable,0.2.8,MIT,https://github.com/webpack/tapable
tar,2.2.1,ISC,http://blog.izs.me/
tar,4.4.4,ISC,http://blog.izs.me/
test-exclude,4.2.1,ISC,https://github.com/istanbuljs/istanbuljs#readme
text-table,0.2.0,MIT,https://github.com/substack/text-table
thor,0.19.4,MIT,http://whatisthor.com/
thread_safe,0.3.6,Apache 2.0,https://github.com/ruby-concurrency/thread_safe
throat,4.1.0,MIT,Unknown
through,2.3.8,MIT,https://github.com/dominictarr/through
through2,2.0.3,MIT,https://github.com/rvagg
thunky,1.0.2,MIT,https://github.com/mafintosh/thunky#readme
tilt,2.0.8,MIT,http://github.com/rtomayko/tilt/
time-stamp,2.0.0,MIT,https://github.com/jonschlinkert/time-stamp
timers-browserify,2.0.10,MIT,https://github.com/jryans/timers-browserify
tmp,0.0.33,MIT,http://github.com/raszi/node-tmp
tmpl,1.0.4,New BSD,https://github.com/nshah/nodejs-tmpl
to-arraybuffer,1.0.1,MIT,https://github.com/jhiesey/to-arraybuffer#readme
to-fast-properties,1.0.3,MIT,sindresorhus.com
to-fast-properties,2.0.0,MIT,sindresorhus.com
to-object-path,0.3.0,MIT,https://github.com/jonschlinkert/to-object-path
to-regex,3.0.2,MIT,https://github.com/jonschlinkert/to-regex
to-regex-range,2.1.1,MIT,https://github.com/micromatch/to-regex-range
tough-cookie,2.3.4,New BSD,https://github.com/salesforce/tough-cookie
tough-cookie,2.4.3,New BSD,https://github.com/salesforce/tough-cookie
tr46,1.0.1,MIT,Unknown
treeify,1.1.0,MIT,Unknown
trim,0.0.1,MIT,Unknown
trim-newlines,1.0.0,MIT,sindresorhus.com
trim-newlines,2.0.0,MIT,sindresorhus.com
trim-right,1.0.1,MIT,sindresorhus.com
trim-trailing-lines,1.1.1,MIT,http://wooorm.com
trough,1.0.2,MIT,http://wooorm.com
true-case-path,1.0.2,Apache version 2.0,https://github.com/barsh/true-case-path#readme
tty-browserify,0.0.0,MIT,https://github.com/substack/tty-browserify
tunnel-agent,0.6.0,Apache 2.0,http://www.futurealoof.com
tweetnacl,0.14.5,Unlicense,https://tweetnacl.js.org/
type-check,0.3.2,MIT,https://github.com/gkz/type-check
type-is,1.6.16,MIT,Unknown
typedarray,0.0.6,MIT,https://github.com/substack/typedarray
typescript,2.9.2,Apache 2.0,http://typescriptlang.org/
tzinfo,1.2.5,MIT,http://tzinfo.github.io
ua-parser-js,0.7.18,(GPL-2.0 OR MIT),http://github.com/faisalman/ua-parser-js
uglifier,4.1.10,MIT,http://github.com/lautis/uglifier
uglify-es,3.3.9,Simplified BSD,https://github.com/mishoo/UglifyJS2/tree/harmony
uglify-js,2.8.29,Simplified BSD,http://lisperator.net/uglifyjs
uglify-to-browserify,1.0.2,MIT,Unknown
uglifyjs-webpack-plugin,0.4.6,MIT,https://github.com/webpack-contrib/uglifyjs-webpack-plugin
uglifyjs-webpack-plugin,1.2.7,MIT,https://github.com/webpack-contrib/uglifyjs-webpack-plugin
uncontrollable,4.1.0,MIT,Unknown
underscore,1.4.4,MIT,http://underscorejs.org/
unherit,1.1.1,MIT,http://wooorm.com
unicode-display_width,1.3.2,MIT,http://github.com/janlelis/unicode-display_width
unified,6.2.0,MIT,http://wooorm.com
union-value,1.0.0,MIT,https://github.com/jonschlinkert/union-value
uniq,1.0.1,MIT,Unknown
uniqs,2.0.0,MIT,Unknown
unique-filename,1.1.0,ISC,https://github.com/iarna/unique-filename
unique-slug,2.0.0,ISC,http://re-becca.org
unist-util-find-all-after,1.0.2,MIT,http://wooorm.com
unist-util-is,2.1.2,MIT,http://wooorm.com
unist-util-modify-children,1.1.2,MIT,http://wooorm.com
unist-util-remove-position,1.1.2,MIT,http://wooorm.com
unist-util-stringify-position,1.1.2,MIT,http://wooorm.com
unist-util-visit,1.3.1,MIT,http://wooorm.com
units-css,0.4.0,MIT,https://github.com/alexdunphy/units
unpipe,1.0.0,MIT,Unknown
unset-value,1.0.0,MIT,https://github.com/jonschlinkert/unset-value
upath,1.1.0,MIT,http://github.com/anodynos/upath/
uri-js,4.2.2,Simplified BSD,https://github.com/garycourt/uri-js
urix,0.1.0,MIT,Unknown
url,0.11.0,MIT,Unknown
url-parse,1.4.1,MIT,Unknown
use,3.1.1,MIT,https://github.com/jonschlinkert/use
user-home,2.0.0,MIT,sindresorhus.com
util,0.10.3,MIT,https://github.com/defunctzombie/node-util
util,0.10.4,MIT,https://github.com/defunctzombie/node-util
util-deprecate,1.0.2,MIT,https://github.com/TooTallNate/util-deprecate
util-extend,1.0.3,MIT,Unknown
util.promisify,1.0.0,MIT,https://github.com/ljharb/util.promisify#readme
utils-merge,1.0.1,MIT,http://www.jaredhanson.net/
uuid,3.3.2,MIT,Unknown
validate-npm-package-license,3.0.3,Apache 2.0,https://kemitchell.com
value-equal,0.4.0,MIT,Unknown
vary,1.1.2,MIT,Unknown
vendors,1.0.2,MIT,http://wooorm.com
verror,1.10.0,MIT,Unknown
vfile,2.3.0,MIT,http://wooorm.com
vfile-location,2.0.3,MIT,http://wooorm.com
vfile-message,1.0.1,MIT,http://wooorm.com
viewport-dimensions,0.2.0,MIT,https://github.com/alexdunphy/viewport
virtus,1.0.5,MIT,https://github.com/solnic/virtus
vm-browserify,0.0.4,MIT,http://substack.net
w3c-hr-time,1.0.1,MIT,Unknown
walker,1.0.7,Apache 2.0,https://github.com/daaku/nodejs-walker
warning,3.0.0,New BSD,https://github.com/BerkeleyTrue/warning
warning,4.0.1,MIT,https://github.com/BerkeleyTrue/warning
watch,0.18.0,Apache 2.0,https://github.com/mikeal/watch
watchpack,1.6.0,MIT,https://github.com/webpack/watchpack
wbuf,1.7.3,MIT,https://github.com/indutny/wbuf
web-console,3.6.1,MIT,https://github.com/rails/web-console
webidl-conversions,4.0.2,Simplified BSD,https://domenic.me/
webpack,3.12.0,MIT,https://github.com/webpack/webpack
webpack-dev-middleware,1.12.2,MIT,http://github.com/webpack/webpack-dev-middleware
webpack-dev-server,2.11.2,MIT,https://github.com/webpack/webpack-dev-server
webpack-manifest-plugin,1.3.2,MIT,https://github.com/danethurber/webpack-manifest-plugin
webpack-sources,1.1.0,MIT,https://github.com/webpack/webpack-sources#readme
webpacker,3.5.2,MIT,https://github.com/rails/webpacker
websocket-driver,0.6.5,MIT,http://github.com/faye/websocket-driver-ruby
websocket-driver,0.7.0,MIT,https://github.com/faye/websocket-driver-node
websocket-extensions,0.1.3,MIT,https://github.com/faye/websocket-extensions-ruby
whatwg-encoding,1.0.3,MIT,https://domenic.me/
whatwg-fetch,2.0.4,MIT,Unknown
whatwg-mimetype,2.1.0,MIT,https://domenic.me/
whatwg-url,6.5.0,MIT,Unknown
whet.extend,0.9.9,MIT,Unknown
which,1.3.1,ISC,http://blog.izs.me
which-module,1.0.0,ISC,https://github.com/nexdrew/which-module#readme
which-module,2.0.0,ISC,https://github.com/nexdrew/which-module#readme
wide-align,1.1.3,ISC,http://re-becca.org/
window-size,0.1.0,MIT,https://github.com/jonschlinkert/window-size
wordwrap,0.0.2,MIT,http://substack.net
wordwrap,0.0.3,MIT,http://substack.net
wordwrap,1.0.0,MIT,http://substack.net
worker-farm,1.6.0,MIT,https://github.com/rvagg/node-worker-farm
wrap-ansi,2.1.0,MIT,sindresorhus.com
wrappy,1.0.2,ISC,https://github.com/npm/wrappy
write,0.2.1,MIT,https://github.com/jonschlinkert/write
write-file-atomic,2.3.0,ISC,https://github.com/iarna/write-file-atomic
ws,4.1.0,MIT,https://github.com/websockets/ws
x-is-string,0.1.0,MIT,https://github.com/Matt-Esch/x-is-string
xml-name-validator,3.0.0,Apache 2.0,https://domenic.me/
xpath,3.0.0,MIT,https://github.com/teamcapybara/xpath
xtend,4.0.1,MIT,https://github.com/Raynos/xtend
y18n,3.2.1,ISC,https://github.com/yargs/y18n
y18n,4.0.0,ISC,https://github.com/yargs/y18n
yallist,2.1.2,ISC,http://blog.izs.me/
yallist,3.0.2,ISC,http://blog.izs.me/
yargs,10.1.2,MIT,http://yargs.js.org/
yargs,3.10.0,MIT,http://CodeTunnel.com
yargs,6.6.0,MIT,http://yargs.js.org/
yargs,7.1.0,MIT,http://yargs.js.org/
yargs,8.0.2,MIT,http://yargs.js.org/
yargs-parser,4.2.1,ISC,Unknown
yargs-parser,5.0.0,ISC,Unknown
yargs-parser,7.0.0,ISC,Unknown
yargs-parser,8.1.0,ISC,Unknown
